driverId,name,ssn,location,certified,wage-plan
10,Michael Manning,334-79-3831,"69405 Patrick Expressway
West Matthewport, AL 89890",N,miles
11,Eileen Hines,456-69-2387,"Unit 3060 Box 7118
DPO AE 18381",N,hours
12,Christopher Dalton,157-32-3676,"9818 Dustin Drive Suite 411
Brittneyside, TN 20554",N,hours
13,Terry Cox,557-59-2212,"4230 Tyler Village
Collinston, AS 40795",Y,miles
14,Erik Cortez,690-16-2801,"785 Campbell Streets Apt. 625
Kathrynfurt, KS 66262",N,hours
15,Jill Holloway,076-12-9743,"085 Carr Vista Apt. 156
North Steven, NV 49477",N,hours
16,Samuel Miller,007-59-1470,"4988 Green Park Apt. 856
West Lisafort, DC 12005",Y,miles
17,Timothy Fox,247-99-6723,"8337 Gonzalez Mill Apt. 752
South Johnside, AK 92709",N,miles
18,David Barry,404-89-1643,"042 Thompson Well
West Peterburgh, CT 65543",Y,hours
19,Brandon Chase,466-47-9644,"497 Patrick Viaduct
East Austinview, VT 12468",N,hours
20,Ryan Martin,070-82-3698,"393 Ann Vista
East Taylorfurt, AS 05918",N,hours
21,Jacob Brooks,050-75-6071,"85544 Alfred Fords Suite 934
Spencemouth, CO 53723",Y,miles
22,Susan Rogers,181-83-9004,"1700 Williams Valley
Jillianberg, OK 43894",N,miles
23,Rachel Coleman,267-25-0071,"487 Jeffrey Isle Apt. 093
Lindsayton, FL 69588",N,miles
24,James Pearson,895-17-1703,"PSC 5067, Box 3409
APO AE 85539",Y,hours
25,Danielle Clark,805-88-7906,"219 Dunn Mountain
Brentmouth, GA 22675",Y,miles
26,Daniel Young,841-82-7162,"PSC 7749, Box 5962
APO AE 26169",N,miles
27,Kevin Lucas,782-70-3701,"995 Bush Square
North Barbaraborough, NJ 71310",Y,miles
28,Christopher Taylor,416-92-4042,"USCGC Payne
FPO AE 24634",Y,miles
29,James Foley,833-90-6003,"54487 Tricia Valleys Apt. 054
East Ellen, TX 18940",N,miles
30,Allison Lawrence,525-62-7612,"2078 Richard Crossing Apt. 285
South Jeffrey, HI 26721",N,miles
31,Danielle Donaldson,166-93-7472,"5600 Megan Plaza Suite 908
Pierceview, FL 34251",N,hours
32,Jamie Adams,813-97-6761,"PSC 3764, Box 7266
APO AP 70249",N,hours
33,Deanna Parker,156-14-9119,"2633 Mills Circles
Marychester, NJ 54348",Y,hours
34,Vickie Savage,883-46-1209,"8989 Herrera Mountains Suite 701
Lake Stephenburgh, MP 60833",N,miles
35,Benjamin Lopez,573-90-3528,"2686 Thomas Locks Apt. 949
South Russell, AL 85837",N,hours
36,Christine Johnson,454-66-9623,"9656 Huff Lights
North Jennifer, MI 14517",N,hours
37,Roberta Caldwell,261-18-6598,"PSC 1098, Box 6886
APO AA 58300",Y,miles
38,Kristen Moore,661-60-9932,"086 Ann Inlet
North Michellefurt, WI 21284",Y,hours
39,Jeanette Robinson,274-65-1049,"364 Pratt Fall
Ruizville, VI 02374",Y,hours
40,John James,083-89-1826,"26252 Vasquez Inlet
West Juan, ID 17813",Y,miles
41,Rebecca Chavez,106-47-5350,"51742 Neal Common Apt. 778
Ericport, NM 89753",Y,hours
42,Catherine Castillo,315-92-6048,"Unit 7174 Box 0606
DPO AE 39512",N,miles
43,Michael Ramos,168-42-1003,"5210 John Lane Apt. 526
Housetown, LA 10164",Y,miles
44,Raymond Bennett,395-76-9710,"9897 Nichols Stravenue
Salazarland, SD 21282",N,miles
45,Adam Murphy,545-15-7991,"68651 Burke Forge
Port Faith, DE 51362",N,hours
46,Hannah Horn,056-09-5955,"USCGC Henderson
FPO AE 79330",N,hours
47,Karen Rhodes,134-58-1510,"USS Hall
FPO AE 39414",Y,hours
48,Sandra Edwards,491-19-8479,"44562 Carrie Lake Suite 802
Parsonsview, IN 34448",N,miles
49,Nicholas Mason,062-36-3039,"51269 Moore Village
Cameronport, RI 37328",N,miles
50,Paul Murphy,016-28-6334,"79558 Brent Islands Apt. 746
East Markmouth, MD 91633",N,hours
51,Kimberly Johnson,621-72-2938,"1646 Bowman Viaduct Apt. 724
Garciafurt, UT 22647",Y,hours
52,Denise Rogers,607-55-8794,"86915 Elizabeth Court
South Heatherton, IN 67558",Y,miles
53,Gregory Merritt II,327-98-4117,"3038 Guerra Forges
Lake Erin, MP 65707",Y,hours
54,Megan Munoz,167-91-7414,"7430 Brittney Keys
North Samuelview, RI 21464",Y,hours
55,Thomas Knight,070-08-7154,"3966 Joseph Expressway Apt. 651
North Jennifer, VA 92285",N,miles
56,Ashley Kline,630-45-7410,"96840 Martin Roads
Hardingland, WV 01582",N,miles
57,Eric Good,607-23-1228,"29306 Howard Orchard Suite 259
Wareborough, LA 59643",Y,miles
58,Anna Deleon,518-98-2869,"19526 Stark Square Suite 487
Taylorstad, FL 41851",Y,hours
59,Stephen Robinson,642-63-7165,"51573 John Manors
Masonchester, AZ 29248",Y,hours
60,Steven Nguyen,500-22-7816,"95279 Bryant Lake Apt. 991
Larrystad, FM 79435",Y,miles
61,William Price,193-78-2096,"9128 Christopher Club
Lake Danielside, SD 67465",Y,hours
62,Joshua Williams PhD,670-42-9176,"937 Johns Crossing Apt. 906
Murphyborough, MO 50522",N,hours
63,Mary Wells,680-40-9041,"53450 Martinez Square Suite 569
East Adam, VA 42078",Y,miles
64,Steven Arias,517-85-3719,"271 Gray Point Apt. 849
West Margaretmouth, IN 52794",Y,hours
65,Mark Sanchez,494-36-7283,"58946 Leonard Station
Port Stephenview, NC 96923",Y,hours
66,Deborah Jackson,318-19-7886,"69547 Bryce Keys Suite 528
West Maria, IA 05152",Y,miles
67,Rachel James,062-38-4422,"4806 Susan Brooks Apt. 765
East Brandonborough, NH 58749",Y,miles
68,Eric Johnson,801-42-1124,"9374 Richardson Prairie Apt. 670
Karenborough, MD 22735",Y,hours
69,Cathy Rodriguez,473-37-8078,"8662 Dawn Overpass Apt. 098
West Brendafort, ID 29353",N,miles
70,Thomas Woods,318-76-1972,"38376 Chang Walks Apt. 125
Kristiborough, ND 04360",Y,hours
71,Chris Marsh,639-96-8402,"71323 Hutchinson Spring Suite 576
Lake David, CA 53997",Y,miles
72,Scott Hall,121-90-7183,"508 Hill Rapids Suite 387
New Jose, NM 34040",N,miles
73,Susan Blackburn,440-99-9330,"84901 Farmer Street Apt. 826
South Erik, NC 01650",N,hours
74,Steven Franklin,498-64-0792,"843 Megan Inlet Apt. 486
Williamsburgh, WI 58935",N,hours
75,Julie Walter,017-37-0980,"Unit 0269 Box 6573
DPO AP 59925",Y,miles
76,Christian Simpson,003-04-4082,"536 John Inlet Apt. 700
Lake Victormouth, OK 99211",Y,hours
77,Allen Mendoza,160-61-3047,"65013 Adams Route Apt. 031
New Susan, GA 51803",Y,miles
78,Samuel Beard,458-14-1332,"8310 Jared Run
Lake Noahshire, NC 09102",Y,hours
79,Arthur Mendez,458-16-4673,"324 Todd Hollow
East Jenniferberg, NE 20480",N,hours
80,Jordan Jones,462-06-6588,"8036 Ruth Rest
Bryanburgh, AL 22386",Y,miles
81,Christine Cortez,818-42-5707,"03402 Frank Points
New Kristenside, MA 99227",Y,hours
82,Kim Torres,287-85-5604,"PSC 5814, Box 8789
APO AP 54947",Y,hours
83,Theodore Rivas,795-62-4608,"32971 Mary Center
Lake Donna, KS 10559",Y,miles
84,Kevin Ford,752-98-3598,"723 Gibson Lodge Apt. 539
East Amanda, NY 26088",N,miles
85,Anthony Hernandez,698-64-1232,"51820 Zimmerman Gardens
West Brett, MA 52777",N,miles
86,Ricardo Barnett,651-19-9265,"9313 Moss Points Apt. 681
Franciscochester, PW 15374",N,hours
87,Adam Long,737-02-1362,"1360 Garrett Overpass
Tylerburgh, NE 52047",N,hours
88,Terry Hahn,606-83-8113,"7965 Melanie Road
Duarteburgh, LA 25449",Y,hours
89,Brandi Russell,898-32-8921,"00383 Douglas Prairie
New John, IN 57487",Y,miles
90,Sara Young MD,892-22-8420,"983 Cunningham Crest Apt. 429
South Vanessamouth, ID 42765",Y,miles
91,Shane Lewis,040-92-8369,"3115 Brett Drives
Josephbury, MT 11291",N,hours
92,Leah Riley,888-71-1994,"PSC 7892, Box 1583
APO AA 26983",Y,miles
93,Tammy Adams,283-81-4866,"66428 Sarah Club Suite 297
Paulside, CA 44362",Y,miles
94,Anita Williams,212-17-3056,"448 Porter Lake
East Andrew, NH 12643",Y,miles
95,Christina Kelly,015-70-1569,"97058 Ross Light
Johnmouth, KS 44483",N,miles
96,Chase Medina,361-15-7976,"PSC 5072, Box 3231
APO AE 30657",Y,hours
97,Tracy Nelson,133-50-6032,"Unit 0940 Box 0222
DPO AA 93871",N,hours
98,Angela Gonzalez,634-31-5452,"7149 Wall Ranch Apt. 344
South Jordanburgh, OK 31255",Y,miles
99,Edward Thompson,641-90-5853,"8981 Amber Squares Suite 203
South Amy, GU 60381",N,miles
100,Andrea Jordan,164-49-3104,"07982 Carr Pike Suite 612
Taylorburgh, AL 30969",Y,miles
101,Timothy Ortega,039-72-3506,"639 Elliott Drives Apt. 320
Chanton, PW 91496",Y,hours
102,Joyce Bell,821-04-5179,"405 Nielsen Corner Suite 386
Seanchester, VI 04693",N,hours
103,Linda Cunningham,842-73-2363,"49994 Carrie Lakes
Port Joseph, FM 82391",Y,hours
104,Donald Yu,157-34-3069,"USS Reid
FPO AE 67135",Y,hours
105,Matthew Scott,601-06-6794,"54104 Oliver Unions
West Kellie, LA 14823",N,miles
106,Joshua Butler,202-46-9585,"343 Heather Groves
Michaelland, KY 07718",N,hours
107,Kathryn Perkins,836-19-4540,"51555 Michael Extensions
North Christopherburgh, VA 85732",Y,miles
108,Scott Smith,804-67-1887,"Unit 2225 Box 5156
DPO AE 87230",N,hours
109,Mary Tapia,292-21-1959,"28619 Herrera Land Suite 790
North Elizabeth, KS 91697",N,hours
110,Jennifer Gonzales,041-35-3661,"Unit 3424 Box 8913
DPO AP 87366",N,hours
111,Jeanne Russell,408-11-8449,"8184 Michael Street
Thomasbury, AL 63068",Y,hours
112,Monica Scott,183-82-8683,"031 Anderson Mall
North Vincent, FL 33371",N,hours
113,Janice Santos,484-78-0545,"252 Russell Overpass Suite 947
Robersonfurt, NH 59662",Y,hours
114,Eric Jacobs,573-25-7453,"355 Silva Terrace
Port Victorport, MO 42633",N,hours
115,Kevin Pierce,180-25-4893,"739 Ronald Lane Apt. 250
North Mary, DE 37271",Y,miles
116,Sean Gallagher,083-17-8709,"697 Michael Harbors
Padillaville, VA 05514",Y,hours
117,Robert Tran,624-53-8310,"1212 Garcia Road
South Thomasmouth, OR 31063",N,hours
118,Peter Parsons,679-09-6670,"28550 Jones Ferry
East Carolburgh, MT 21211",Y,hours
119,Ashley Foster,244-75-0737,"0730 Woods Estate
West Kathleenshire, MP 67392",Y,miles
120,Drew Jones,456-59-0840,"70057 Wanda Skyway Apt. 796
East Leslieborough, MI 84536",Y,miles
121,Stephanie Christian,881-77-3557,"640 Alvarez Knolls
New Melissa, ME 52034",N,hours
122,Daniel Reilly,310-75-1435,"6351 Krueger Parkway
East Daniel, IN 34641",Y,hours
123,Patricia Jordan,698-42-2300,"553 Baker Cove
North Edwardborough, VI 66444",N,miles
124,Samuel Black,024-86-1757,"348 Taylor Station
West Leahfort, MH 52417",N,hours
125,Melissa Hall,584-67-5618,"0724 Susan Extensions Apt. 662
South Steven, TX 94210",Y,miles
126,Robert Poole,518-23-6268,"0225 Weber Prairie
Andreside, TN 65491",N,hours
127,James Lewis,849-35-0389,"0041 Anderson Grove Apt. 369
South Caleb, PA 16700",N,miles
128,Ricky Walker,206-94-7747,"447 Shelton Rue
Lake Robertshire, KY 68169",N,hours
129,Amy Brooks,190-49-0617,"6290 Anthony Mill
Wrightside, GU 38592",N,miles
130,Robin Munoz,233-59-9798,"45813 Regina Junctions
Dudleychester, GU 62836",N,hours
131,Natalie Townsend,291-06-0216,"00908 Dustin Parkways
Valentinebury, WI 58680",N,miles
132,Jeremy Smith,617-14-9701,"689 Shane Creek Apt. 699
North Annton, ME 31901",N,hours
133,Ronald Gonzales,397-85-8583,"2051 Sanders Ramp
East Michael, ID 24529",Y,miles
134,Melissa Owens,377-54-5411,"08172 Veronica Mills
Myershaven, SC 37051",Y,hours
135,Janet Hernandez,515-08-6630,"51631 Cruz Turnpike
East Diana, MI 83304",Y,miles
136,Gary Cruz,257-45-0017,"24677 Gamble Keys Apt. 641
New Jeremy, SC 10575",Y,miles
137,Christopher Miller,054-51-9404,"61658 Jill Circles Suite 044
New Amy, IN 15708",Y,miles
138,Arthur Solis,741-26-1280,"167 Cody Spring Suite 643
Port Samantha, IL 85886",Y,hours
139,Anita Owens,750-93-2932,"PSC 9628, Box 3607
APO AA 48671",Y,hours
140,Rachel Obrien,539-95-2446,"Unit 5100 Box 8505
DPO AP 48915",Y,hours
141,Thomas Morris,743-46-5095,"032 David Locks Apt. 476
New John, AK 05281",Y,hours
142,Brandon Fry,047-51-7127,"48281 Miles Motorway
Port Lauraview, IA 19936",Y,miles
143,Stephanie Montoya,476-93-3084,"93377 Page Overpass
West Valerie, FL 77543",Y,hours
144,Erin Smith,459-27-1216,"USNS Brown
FPO AP 30517",N,miles
145,John Nelson,193-46-1001,"67153 Morris Alley Apt. 946
Ibarraburgh, PR 78019",Y,hours
146,Theresa Patterson,731-31-5866,"3674 Bennett Keys Suite 005
Port Rachel, MO 72863",Y,miles
147,Ann Gomez,016-26-3776,"14968 Morgan Villages
Bensonburgh, UT 39674",N,hours
148,David Terrell,056-60-5658,"8975 Hardy Shores Suite 555
South Christinefurt, ME 73497",Y,hours
149,John Cordova,319-51-9374,"1586 Hudson Tunnel
South April, MP 87286",N,miles
150,Chelsea Thomas,358-19-6268,"2791 Don Land
Maldonadoborough, MO 33268",Y,hours
151,Ashley Phelps,809-50-9218,"04023 Walter Haven
Port Timothy, IA 86438",Y,hours
152,Deborah Gardner,176-80-8741,"8242 Cortez Squares
West Sharonchester, CA 86045",Y,hours
153,Jeffrey Moore,408-33-1163,"7704 Susan Passage Apt. 105
Randolphville, CT 54917",Y,miles
154,Andrew Wood,317-26-3687,"PSC 8156, Box 1282
APO AP 20768",N,hours
155,Brittany Aguilar,323-22-1030,"9091 Fuentes Summit Suite 980
South Andrewtown, KS 36882",Y,miles
156,Scott Yoder,600-38-4566,"501 Caldwell Lake Apt. 833
Bradyview, IA 71956",N,miles
157,John Hanson,886-92-7046,"PSC 6623, Box 3084
APO AP 39140",N,miles
158,Jonathan Mccormick,441-52-0115,"4151 Sheri Overpass Apt. 707
Maxwellstad, SD 90082",Y,miles
159,Kayla Patterson,677-63-7267,"79101 Mendoza Streets Suite 731
West William, MO 18972",N,miles
160,Jessica Pearson,431-69-4836,"6266 Hamilton Mill
West Gabriela, LA 98483",N,miles
161,Cheyenne Vega,093-59-2695,"89663 Santiago Mount Suite 570
New Bailey, PR 11657",N,miles
162,Dr. Joseph Cox PhD,772-12-7938,"USS Ball
FPO AE 58621",N,hours
163,Jill Dalton,351-14-1779,"80462 Nicholas Locks Suite 170
West Christopherport, MI 63989",Y,hours
164,Mary Rice,544-75-8594,"53762 Erika Isle Apt. 307
Hancockhaven, PR 98253",Y,miles
165,Richard Gardner,892-77-1124,"6351 Craig Stravenue
Melissamouth, KS 32756",Y,hours
166,Jeremy Harmon,002-81-9988,"71201 Jones Square Apt. 114
Beckerbury, SC 42648",Y,hours
167,Kimberly Barnes,863-32-7668,"444 Rodriguez Vista
Aaronborough, VT 74928",N,miles
168,David Watts MD,555-39-6506,"49062 Cynthia Terrace Apt. 963
Hartside, SD 48710",N,miles
169,Sarah Fitzpatrick,651-25-9925,"1817 Melissa Coves
North Karenville, PW 07755",Y,hours
170,Amber Armstrong,406-18-8124,"8112 Nguyen Drive
Wallaceberg, TN 75780",N,miles
171,Sabrina Sandoval,105-31-2830,"Unit 9555 Box 2488
DPO AP 99520",N,hours
172,Brandi Reynolds,569-66-7307,"PSC 7535, Box 6487
APO AA 65045",Y,hours
173,Catherine Kerr,080-32-1325,"5035 Leonard Tunnel
Louishaven, FM 44485",Y,miles
174,Tanya Wells,849-03-9072,"193 Michelle Passage Apt. 264
Contrerasville, KS 23855",Y,miles
175,Colleen Sloan,764-12-9113,"840 Maria Ports Suite 624
South James, ME 31433",N,miles
176,Jessica Barron,669-77-4714,"8955 Wheeler Isle
North Donald, KY 42381",Y,miles
177,Cynthia Garcia,155-81-3361,"600 Valerie Turnpike Suite 638
New Markburgh, OR 92594",Y,miles
178,David Jackson,623-49-3515,"0783 Anthony Well Apt. 865
East Kimberlyview, FL 21113",Y,miles
179,Angela Wolf,694-88-0348,"075 Mack Passage Apt. 559
North Victoriafort, MA 34819",Y,hours
180,Corey Brown,435-49-2627,"USCGC Guerrero
FPO AE 76932",N,miles
181,William Scott,724-18-6015,"2417 Alec Creek Apt. 560
North Patrickside, GU 73157",Y,miles
182,Sharon Cruz,743-67-5405,"80837 Molly Springs
North Richardland, CO 68096",Y,hours
183,Laura Pearson,206-19-8296,"248 Nicholas Village Apt. 081
Josephberg, MO 38311",Y,hours
184,Amy Griffin,158-44-6884,"0705 Russell Motorway Suite 603
South James, AS 47597",Y,miles
185,Wendy Jordan,566-46-4627,"7130 Clark Spring Apt. 027
Johnsonfort, WV 32407",Y,miles
186,Robert Warner,810-42-3369,"005 Chris Via Apt. 720
Ashleyton, WY 09277",N,hours
187,Christopher Harper,581-96-5583,"83194 Gabriel Forks
Bryanport, NY 19441",Y,hours
188,Patrick Hall,885-23-8126,"456 Tonya Coves
New Kathryn, TN 65571",Y,miles
189,Jenna Thomas,166-44-9495,"166 Eddie Union
Port Ian, TN 31685",N,hours
190,John Gibson,420-24-2427,"8328 Bernard Grove Apt. 226
Lake Kathryn, WA 01000",N,hours
191,Catherine Gibson,574-77-2171,"5451 Tracy Tunnel Suite 273
East Amber, ND 53647",Y,hours
192,Justin Armstrong MD,055-19-0104,"PSC 2923, Box 0913
APO AE 91384",Y,hours
193,Amy Cruz,369-74-0928,"36605 Wagner Stream
Alexischester, MA 96400",Y,hours
194,Diana Price,786-07-7808,"145 Collins Turnpike Suite 292
Lake Traceyberg, FL 23228",Y,hours
195,Kevin Weaver,474-03-2587,"587 Cole Spurs Apt. 222
Port Crystalview, TX 83678",N,hours
196,Jason Baker,828-95-6071,"PSC 0473, Box 0262
APO AE 85511",Y,miles
197,Hunter Kemp DDS,419-86-2819,"0848 Monica Shores
New Lisachester, VA 54286",N,hours
198,Jason Ortiz,251-32-9276,"191 Jacqueline Fall
North Ashley, NM 83307",Y,hours
199,Zachary Valenzuela,544-42-6126,"80259 Harmon Village
Lake Christopher, CA 55608",Y,miles
200,Frank Duncan,083-67-6318,"47793 Peck Road
Gloverburgh, AK 61944",Y,miles
201,Eric Rodgers,309-10-7422,"847 William Rue
New Lorichester, CO 45791",N,miles
202,Rebecca Rodriguez,325-29-8510,"32692 Zachary Glen Suite 106
Lorichester, PR 89935",N,hours
203,Krystal Gonzales,352-28-7468,"9822 Emily Route Apt. 891
Dennisshire, CT 83247",Y,hours
204,Michael Valencia,671-05-0699,"522 Haley Brook
Robinsonfort, NJ 13292",N,hours
205,Mario Williams,844-21-2594,"PSC 4373, Box 8502
APO AE 43965",N,miles
206,Traci Mitchell,063-39-9240,"8369 Calvin Spurs Apt. 870
Port Angelamouth, ND 25987",Y,hours
207,Veronica Glenn,359-64-9692,"292 Bruce Knoll Apt. 377
Shawfort, DE 44448",Y,hours
208,Harry Wong,045-70-7467,"879 Ritter Flats
Andersonview, NH 96380",N,miles
209,Teresa Norris,502-22-3002,"762 Flynn Estate
Hutchinsonburgh, SD 65699",N,hours
210,Xavier Solis,608-67-3180,"0418 Coleman Plains
New Benjaminborough, HI 46343",Y,miles
211,Amy Adams DDS,013-54-4492,"5684 Jacqueline Circle
Port Jeffreyberg, IA 18521",Y,hours
212,Mr. Jacob Harris DDS,497-04-4764,"PSC 2597, Box 3746
APO AE 47775",Y,miles
213,Christopher Snow II,358-72-7685,"272 Ronald Valley Apt. 059
North Rosshaven, FM 20829",Y,miles
214,Dr. Amanda Garcia,869-61-4157,"865 Connie Estates Apt. 258
Ambermouth, NV 14452",N,miles
215,Jeremy Whitehead,649-75-8515,"360 Morris Ranch Apt. 357
Andersonborough, GA 17934",N,miles
216,Angel Johnson,753-23-3803,"36036 Daniels Extensions Apt. 621
Dyerhaven, IN 02714",N,miles
217,Tamara Golden,721-76-8624,"519 Lucero Route Suite 789
Jamesside, MP 99830",N,miles
218,Dr. William Rodriguez,398-75-8757,"4413 Amanda Bridge Suite 864
New Jonathanmouth, OH 47787",N,hours
219,Jared Fernandez,548-23-9146,"276 Ross Extension
Brownbury, PR 94960",Y,miles
220,Manuel Harrington,075-73-3069,"Unit 3793 Box 2373
DPO AE 93494",N,hours
221,Antonio Brown,851-40-8923,"888 Margaret Ports
Lestershire, CA 93135",Y,miles
222,Kimberly Barnes,752-87-6194,"9113 Flores Ford
Robertborough, CA 76652",Y,miles
223,Michelle Lawrence,252-77-7206,"7985 Morris Row Apt. 330
South Joel, MA 52251",N,hours
224,Christopher Frederick,513-53-2503,"66152 Paul Divide Suite 094
Port Ashleychester, WA 92897",Y,miles
225,Brian Flores,409-78-4234,"3793 Nicole Tunnel
Lake Danielport, DE 73588",Y,miles
226,Thomas Hamilton,087-97-2512,"73946 King Route Apt. 813
West Nancymouth, LA 87289",Y,hours
227,Andrea Combs,407-47-6448,"027 Hardin Gardens
Lake Aaron, ND 87919",N,miles
228,Erika Martin,287-35-5350,"903 Beltran Points Suite 399
Hansonhaven, MS 49935",Y,miles
229,Donna King,863-62-0155,"73878 Shannon Trail Apt. 519
East Markbury, SC 71754",Y,hours
230,Melissa Ellis,561-39-8022,"36762 Jacob Tunnel
South Denisetown, TX 46209",N,miles
231,Mrs. Tracey Kelley,284-74-6511,"8780 Molina Roads Suite 214
Port Wayneport, NM 54856",Y,hours
232,James Garcia,850-52-4351,"USNV Rowe
FPO AE 12792",N,miles
233,Jerry Smith,302-75-9052,"567 Jennifer Inlet Apt. 007
Hardyside, WV 86143",N,miles
234,Monique Cruz PhD,316-96-9762,"57479 Christopher Springs
Tapiatown, OK 59452",Y,hours
235,Catherine Bell,285-83-4521,"29278 Hammond Via
Lake Sherry, MH 88521",N,hours
236,William Hernandez,557-43-0860,"192 Rhodes Passage
New Dennis, IA 18520",N,miles
237,Tara Peters,745-84-2332,"PSC 4188, Box 7362
APO AP 81039",Y,miles
238,Janet Douglas,705-41-1763,"6149 Sarah Inlet Apt. 540
Stevenburgh, VI 47047",N,hours
239,Margaret Rogers,336-55-2779,"29323 Goodwin Inlet
Tannertown, NM 57327",N,hours
240,Kevin Bowman,748-23-8946,"514 Joshua Light Suite 868
East Jeffreyview, MP 68220",Y,hours
241,Yolanda Case,396-17-0425,"7538 Elizabeth Expressway
East Joseph, RI 33074",N,miles
242,George Meyer,396-18-4204,"USNV Ramos
FPO AP 35864",N,hours
243,David Brown,264-96-3209,"2617 Justin Inlet
Comptontown, UT 98116",Y,hours
244,William Moore,303-55-4509,"567 Blackburn Pass
West Jessestad, HI 41803",N,hours
245,Jodi Osborn,481-84-8740,"2128 Gamble Loop
Clarkview, PR 17796",N,miles
246,Christopher Rush,438-83-6532,"7469 Hill Valleys
Rhodesville, TN 93407",Y,miles
247,Blake Young,085-39-7016,"6796 Munoz Skyway
Port Paul, MH 90593",Y,miles
248,Joseph Turner,817-21-4883,"5822 Brian Shoal
Carlachester, WA 68900",N,miles
249,Meghan Williams,236-38-7115,"463 Daniel Parks
South Evanshire, AS 49256",Y,miles
250,Carla Chung,440-43-5866,"72684 Hudson Island Apt. 281
East Thomas, OR 28403",N,hours
251,James Burton,661-23-5040,"0678 Leslie Coves Suite 169
West Robinchester, IL 33319",N,hours
252,Mrs. Kelly Lewis MD,844-54-7965,"35963 Linda Brooks
South Deanna, IN 86723",N,hours
253,Erin Benson,607-41-2353,"001 Jones Fields Suite 333
East Debbieshire, SD 76184",Y,hours
254,Samantha Friedman,333-43-9897,"65963 Lisa Avenue Suite 730
Bellberg, OR 95968",Y,hours
255,Cynthia Nelson,054-21-5860,"89069 Mcdonald Spring
Brennanside, TN 69802",Y,hours
256,Daniel Middleton,301-57-6121,"4450 Richard Camp Suite 058
Ryanbury, AR 07784",N,miles
257,Julian Thompson,703-52-5632,"31449 Angela Coves Suite 764
Port Sarah, VA 07551",Y,hours
258,Spencer Lopez,879-19-6410,"179 Cook View Suite 967
Martinezberg, AS 63865",N,miles
259,Jerry Church,423-27-3077,"550 Jose Club
Pamelaton, MO 26968",Y,hours
260,Sharon Torres,755-51-2368,"130 Roberts Ferry
North Kellyland, RI 52248",N,miles
261,Mariah Hunt,873-20-3270,"PSC 1218, Box 4295
APO AP 15298",Y,hours
262,Michael Williams,405-98-9233,"9459 James Squares
Ellismouth, AR 66920",N,hours
263,Clayton Hernandez,748-24-4930,"4218 Amanda Trail
Byrdmouth, AR 71983",Y,hours
264,Stephanie Robinson,800-23-3001,"93140 Christian Locks
Port Curtisshire, PR 42746",Y,miles
265,Amy Frye,169-24-2542,"6044 Edward Cape Apt. 430
Laurenshire, WV 13904",N,hours
266,Andrew Cook,080-90-5943,"7417 Tyler Groves Apt. 446
North Michael, PR 98714",Y,hours
267,Derek Williamson,193-14-2131,"26015 Moore Cliff Apt. 813
South Tina, OH 73239",Y,miles
268,Katherine King,358-20-8708,"529 Carey Walks Apt. 200
New Paulberg, TX 32225",N,miles
269,Robert Miller,312-13-6857,"8537 Victor Heights Apt. 600
Stefaniefort, ID 51618",Y,hours
270,Brianna Costa,318-19-3211,"Unit 3133 Box 5974
DPO AP 01741",N,miles
271,Mr. Justin Rodriguez,453-23-3247,"334 Kara Causeway Apt. 446
Brittanychester, WI 16272",Y,hours
272,Aaron Jones,754-29-5971,"829 Hale Crossing Suite 027
Kingberg, SC 02856",Y,miles
273,Brandy Perez,809-33-3899,"508 Garcia Green
Lake Randy, IA 58589",Y,hours
274,Sarah Everett,700-74-2058,"1740 Davis Drives Suite 671
Leeland, AS 31503",N,hours
275,Julia Jenkins,469-62-3720,"684 Laurie Loop
North Rachelberg, MP 46440",N,miles
276,Alexander Cox,762-96-6426,"3629 Claudia Ramp Suite 793
Nelsonview, NE 24452",Y,hours
277,Karen Bell,769-63-4385,"USNS Warren
FPO AA 76139",Y,miles
278,Laura Adams,552-28-0421,"560 Sutton Extensions Apt. 056
Terrymouth, MN 92079",N,miles
279,Ann Ramos,530-99-0608,"5619 Jones Square
Port Bryanberg, NV 79829",N,hours
280,Stephen Hubbard,688-71-7925,"541 Ford Mills
Harrismouth, AL 71363",N,hours
281,Jason Rivera,302-94-0787,"4043 Frank Road Suite 314
Lake Dianaburgh, AZ 24265",N,miles
282,Mary Henry,795-75-2391,"0805 Nancy Via Suite 289
Port Laurenport, MH 50684",Y,hours
283,Denise Perez,096-30-0829,"5068 Julie Stravenue
Fostermouth, NM 14755",N,miles
284,Denise Bray,219-33-5678,"993 Bryan Bridge
Williamsfurt, MT 59495",N,hours
285,Angelica Trujillo,381-32-3782,"285 Anderson Ranch
Reyesville, NE 88803",N,hours
286,Andrew Fischer,120-18-0846,"578 Bailey Point
Lake Susan, OK 77339",Y,hours
287,Kimberly Sims,312-62-7340,"6156 Joshua Divide Suite 605
West Mckenzieborough, OK 08582",N,hours
288,Cory Davis,270-58-0411,"4460 Christopher Pine Apt. 820
Debbiestad, SD 88830",N,hours
289,Stephanie Mitchell,311-92-4665,"919 Hernandez Groves Apt. 350
Seanville, CA 14397",Y,hours
290,Julie Williams,245-47-9290,"98888 Thomas Expressway Apt. 909
East Williamshire, GA 99430",N,hours
291,Amber Jarvis,459-84-2337,"1628 Blankenship Square Apt. 349
Stephanieside, LA 12844",N,hours
292,Jason Singh,494-68-1486,"2012 Timothy Green Apt. 233
Port Williamfurt, ID 17358",N,hours
293,Miss Kathryn Mckenzie MD,889-88-6357,"11323 Smith Plaza Suite 052
Scottbury, MH 23321",Y,hours
294,Kelly Williams,006-50-7832,"7396 Perry Valleys
North Jennifer, IL 20309",Y,miles
295,Susan Ross,680-21-5008,"Unit 8727 Box 6156
DPO AA 78698",N,miles
296,Russell Hampton,179-58-4250,"763 Jenkins Green
Lake Brianamouth, MP 24972",N,miles
297,Robin Smith,801-51-3163,"4116 William Camp
North Jacob, MD 88484",Y,miles
298,Stephanie Davis,818-80-6486,"025 Jackie Shoals Apt. 981
South Davidland, MD 60445",Y,miles
299,William Spence,735-71-8810,"187 Rodney Glen Suite 621
East James, OR 75476",N,miles
300,Julie Smith,893-24-2943,"76050 Richard Streets Suite 426
New Anna, KS 11162",Y,hours
301,Elizabeth Dawson,299-74-7328,"90477 Kayla Motorway Apt. 010
Alvarezfurt, DC 47730",Y,hours
302,Kim Burns,335-06-9580,"5604 Jessica Mount Apt. 091
Robertburgh, PW 00853",N,miles
303,Lori Rios,222-79-6550,"USNV Chandler
FPO AP 17533",Y,miles
304,Jeff Daniel,202-12-2897,"09592 Brandy Stream Apt. 622
East Heatherstad, AS 60500",N,miles
305,Patricia Hurley,041-60-0460,"52407 Justin Prairie Apt. 117
Port Sean, CT 71208",N,miles
306,Jill Carlson,518-90-7185,"611 Robert Spur
Thomasland, OR 45723",N,miles
307,Tonya Banks,282-25-4638,"1751 Long Spurs
Port James, ME 82894",N,miles
308,Kirk Allison,387-08-7133,"3341 Jeffrey Court Apt. 541
Crystalborough, MP 87628",Y,hours
309,Jennifer Brown,042-62-1516,"963 Kenneth Meadows
Andreabury, PW 69212",N,miles
310,William Young,435-93-2662,"963 Morales Rapid Suite 489
Chambersmouth, WV 67858",Y,miles
311,Kathryn Berg DVM,005-85-8294,"41806 Jennifer Knoll Suite 900
Brianshire, MO 91828",N,hours
312,Richard Harrell,718-71-0950,"PSC 0252, Box 2104
APO AP 41481",Y,miles
313,Thomas Taylor,539-72-1835,"Unit 5528 Box 3760
DPO AA 20700",Y,hours
314,Michelle Christensen,881-09-0436,"64417 Braun Square
Port Johnnyville, MT 42466",N,miles
315,Deborah Mcgee,891-25-7008,"63208 Delacruz Shoal Suite 652
Lake Larrystad, NH 11804",Y,miles
316,Lisa Hunt,814-39-1934,"0933 Burton Mission Apt. 889
Matthewland, ID 19182",Y,miles
317,Brett Saunders,190-59-9726,"8245 Kim Crossroad Apt. 381
Port William, VI 25340",N,hours
318,Janice Singleton,141-93-4682,"876 Michael Trail Apt. 258
Sheilashire, VA 72858",N,miles
319,Brian Brewer,169-03-0677,"440 James Mountains
Timothychester, CT 37697",Y,miles
320,Christine Flores,225-50-7269,"737 White Street
Port Antonioport, HI 66113",N,hours
321,Jimmy Wolfe,145-89-8811,"46393 Johnny Green
Port Charlesstad, VT 25820",N,hours
322,Michele Macdonald,853-68-4451,"301 Erica Roads Apt. 185
Charlesville, AZ 75485",Y,hours
323,Matthew Scott,794-94-7446,"6509 Ashley Meadows Suite 656
Phamfort, IL 66941",Y,miles
324,Mary Cruz,124-71-3532,"9232 Sara Loop Apt. 201
Port Troyberg, LA 38123",Y,miles
325,Mr. Jeremy Harper,206-65-3807,"5563 Marquez Village Suite 490
Lake Jessicafort, MP 33378",Y,miles
326,John Powell,429-96-4497,"6588 Thomas Landing
Burchbury, CO 44583",N,miles
327,Jonathan Flowers,396-68-9765,"5567 Conway Branch
Thompsonport, ND 49671",Y,hours
328,Sarah Miranda,753-77-9781,"2305 Robert Garden
East Thomas, CT 17192",Y,miles
329,Dawn Flynn,539-42-2551,"62446 Hernandez Spurs
Wisehaven, AR 35080",N,miles
330,Ann Ellis,722-14-0319,"410 Montgomery Lock Apt. 609
Sandovalside, SC 53985",N,miles
331,Susan Bell,447-65-6753,"2349 Nicholas Lodge
Mcconnellbury, GA 67053",Y,miles
332,Bryan Joseph,205-67-5814,"26137 Alexander Motorway
South Jessica, ID 58880",Y,miles
333,Tracy Hall,004-62-0173,"40311 Reeves Ways Apt. 733
Maloneberg, MI 30761",N,hours
334,James Rivera,894-92-5495,"049 James Loaf
North Michelle, MS 29734",N,hours
335,Michael Davis,142-43-1214,"605 Prince Rest Apt. 919
Martinbury, WY 67001",N,hours
336,Marilyn Nichols,545-66-1134,"848 Warner Skyway Apt. 939
Jessicamouth, NH 04060",Y,miles
337,Linda Holmes,257-87-7407,"29152 William Common Suite 514
South Daniel, AK 42104",N,hours
338,Andrew Roberts,403-68-1718,"5739 Brenda Extension
Floreston, MT 78531",Y,miles
339,Mark Pierce,394-77-1785,"71150 Leslie Garden
South Kristinaburgh, IL 84037",Y,hours
340,Kimberly Perry,287-04-8134,"78165 Lisa Plaza Apt. 362
North Victorview, FM 51286",Y,miles
341,Jacqueline Schmitt,180-53-0093,"158 Debra Walk
East Martinside, CA 89719",Y,hours
342,Cory Davis,532-65-3349,"679 James Trail
Bradleyburgh, NY 42937",N,hours
343,Jane House,128-80-9155,"479 Haynes Summit Apt. 767
Richardsfort, KY 76539",N,miles
344,Maureen Jackson,463-18-9506,"35086 Torres Summit
Lake Amber, ND 90628",N,miles
345,Kevin Turner,665-99-8743,"611 Samuel Green Suite 631
New Alexisberg, NY 08440",N,hours
346,Audrey Austin,695-77-8102,"9688 Vargas Landing Suite 298
Christopherfort, MO 43802",Y,miles
347,Eric Peterson,009-03-0643,"4449 Rodriguez Loop Suite 130
Oconnortown, DE 23168",N,miles
348,Alec Flores,495-80-3327,"6924 Middleton Wells Suite 250
Sanchezland, HI 92406",Y,hours
349,Lorraine Abbott,829-28-8270,"53354 Collins Junctions Apt. 619
West Donna, AR 55844",Y,hours
350,Jacob Perkins,885-40-5453,"8198 Courtney Extension
East Christina, VA 66430",Y,miles
351,Matthew Allen,245-89-2262,"5999 Frost Fall
Lake Jamesview, AL 86992",N,hours
352,Maria Gonzalez,402-14-3102,"04968 Smith Fords
West Georgechester, TX 89493",N,hours
353,Ashley Fox,719-21-8547,"PSC 7241, Box 3912
APO AE 93863",Y,hours
354,Joshua Herring,267-44-3865,"306 Tonya Springs
Vanessamouth, VI 65420",N,miles
355,James Smith,161-50-6836,"58760 Turner Row
West Davidmouth, AZ 71690",N,miles
356,Anthony Watkins,726-16-6793,"384 Pamela Light Apt. 811
Port James, LA 52846",Y,hours
357,Emily Dudley,609-67-7001,"868 Brian Canyon Suite 697
East Heather, MH 69897",Y,hours
358,Brandy Aguilar,513-52-7228,"6281 Kelly Lodge
East Johnside, ND 86425",N,miles
359,Monica Fernandez,463-52-8951,"USS Baird
FPO AE 28721",N,miles
360,Gary Giles,322-87-7319,"PSC 5990, Box 5515
APO AE 21232",Y,hours
361,Matthew Frey,684-32-6060,"9483 William Highway Suite 694
Melindafurt, NJ 93487",Y,hours
362,Joseph Maldonado,400-36-0766,"13660 Cindy Passage Apt. 997
Jonhaven, ME 24889",Y,hours
363,Jesse Powell,264-96-0965,"69440 David Hills Suite 354
South Georgeland, MN 72095",Y,hours
364,Angela Mcdonald,646-71-7968,"PSC 3079, Box 2140
APO AE 77455",Y,hours
365,Joseph Thompson,779-26-2571,"9355 Stephen Dale Apt. 125
Hendersonport, GU 79489",Y,hours
366,Victoria Jones,582-71-5684,"0920 Kathleen Trafficway
Wademouth, PA 55147",Y,miles
367,Allison Smith,153-26-8920,"89845 Jonathan Parks
Butlerberg, DC 12344",N,miles
368,Krystal Turner,605-29-6533,"61899 Michael Parkways Apt. 805
Stephanieside, CA 54217",N,miles
369,Darren Henderson,822-52-1010,"USS Braun
FPO AE 44902",Y,hours
370,Jeffrey Mitchell,376-47-9537,"55990 Justin Manor Apt. 059
Karabury, WV 17904",N,miles
371,Heather House,334-44-0776,"9908 Kristen Ridges Apt. 377
North Katherinechester, TX 86993",Y,hours
372,Kathleen Frey,652-14-8434,"PSC 4394, Box 7662
APO AE 45234",Y,hours
373,Andrew Smith,096-37-1768,"PSC 6076, Box 7679
APO AP 07193",Y,miles
374,Ryan Johnson,068-12-9490,"1219 Rios Rapids
Davidhaven, IL 54668",N,miles
375,Courtney Cook,051-92-9054,"69406 Mccullough Creek
Anthonystad, WI 52138",Y,hours
376,Jessica Green,424-24-6688,"83653 Turner Flats Suite 966
Ryanshire, OK 37092",Y,miles
377,Elizabeth Cortez,549-23-5549,"3380 Travis Parks Suite 039
Crawfordview, MO 77043",Y,hours
378,Gabriela Harmon,041-81-1064,"1713 Delacruz Mills Apt. 916
South Candacemouth, LA 77014",N,hours
379,Suzanne Snyder,540-57-2594,"759 Alex Summit
Jonesland, NM 47854",N,miles
380,Anna Taylor,225-88-3244,"PSC 7798, Box 0185
APO AA 08805",N,hours
381,Robert Lee,191-90-9909,"392 Christine Points Suite 078
Sarahtown, NJ 26665",Y,hours
382,Jason Fox,631-91-3324,"65178 Russo Key Apt. 274
Lake Ryanmouth, AL 33110",N,hours
383,Crystal Fowler,828-91-6483,"09700 Weeks Drives
Lake Brian, WY 27862",N,miles
384,Miranda Miller,322-41-7224,"992 Henry Fields Apt. 092
Allisonberg, OR 61081",N,hours
385,Robert Pugh,196-88-8912,"32732 Martin Springs
West Courtney, SC 58286",N,hours
386,Benjamin Schwartz,529-15-9801,"453 Robinson Inlet
Angelicaport, ID 09258",N,hours
387,David Kramer,796-01-9009,"8364 Henderson Parkway
Port Brian, GA 22055",N,hours
388,Julie Mitchell,482-26-3914,"465 Tina Skyway Apt. 325
Maryborough, TN 99031",Y,miles
389,Andrew Moss,203-17-2824,"414 Stephanie Port Apt. 162
Lake Natalieborough, AR 30428",Y,miles
390,Brandon Zimmerman,106-08-4820,"41967 Christopher Views
Williamchester, AL 29975",Y,hours
391,Amanda Cooper,331-90-1893,"2184 Lopez Fork
Port Christopher, MA 31332",N,hours
392,Andrew Dennis,842-36-3242,"2589 Small Court
Keyland, CO 36020",Y,hours
393,Hannah Stuart,738-59-5531,"7378 Stevenson Lock Suite 225
Williamsside, NC 19753",Y,hours
394,Jerome Flowers,845-31-8096,"848 Jeffrey Club Apt. 440
Feliciaville, CA 27947",Y,miles
395,Jose Gallagher,688-18-7121,"75603 Moore Knoll
Perkinsview, MI 70699",Y,hours
396,Anna Coleman,806-41-1866,"9868 Gregory Place
South Nancy, AR 99774",Y,hours
397,Courtney Williams,655-34-0248,"035 Chung Knolls
East Douglasbury, CO 68896",N,miles
398,Connie Jennings,365-27-1365,"11236 Rodney Courts
Katelynville, DC 27878",Y,hours
399,Harold Gardner,042-66-4685,"773 Stone Spur Suite 751
New Stephanie, CA 79132",N,miles
400,Dylan Brown,336-39-4948,"14323 Whitney Gateway Suite 164
New Sethside, MA 50168",Y,miles
401,Barbara Ramirez,729-62-3655,"8850 Rodriguez Parkways Suite 241
Hunterville, WY 49619",Y,miles
402,Ashley Hall,343-53-5552,"79346 Leon Locks Apt. 384
Christybury, CA 54337",Y,hours
403,Daniel Schultz,300-78-0882,"98191 Cynthia Park
North Samantha, ID 62894",N,miles
404,Dorothy Henderson,545-68-7229,"48447 Maxwell Meadows Apt. 021
Port Anitabury, CO 63857",Y,miles
405,Anthony Carroll,579-87-5191,"8054 Aaron Landing Suite 250
West Shannon, RI 24349",N,miles
406,Lynn Wang,061-38-6562,"214 Timothy Path Apt. 360
Lake Sherry, NY 36733",N,hours
407,Jennifer Williams,831-54-8278,"51909 Jennifer Pine
Tylerberg, MT 20901",N,hours
408,Dr. Andrea Cole,573-50-0558,"29171 Middleton Lakes
Estradaport, VT 43019",Y,hours
409,Cheryl Jimenez,063-74-0606,"2725 Judy Alley
Port Christychester, IA 84065",N,hours
410,Sheila Hardin,386-39-8354,"PSC 0737, Box 7802
APO AA 79281",N,miles
411,Nicole Hale,039-72-9816,"89332 Amanda Pike Suite 098
Breannaview, NC 87725",Y,hours
412,Stephen Kirby,402-11-9082,"4293 Mccormick Crest
North Lisa, LA 45506",N,miles
413,Cheryl Rodriguez,540-83-6892,"78908 Laura Key
Marquezside, UT 21717",N,hours
414,Christopher Blackwell,464-04-4465,"174 Brian Garden Suite 648
West Alexis, KY 41760",Y,hours
415,Christopher Sherman,569-33-8071,"684 Rachel Bypass Apt. 575
Jasonview, MS 72854",N,hours
416,Wendy Rodriguez,414-86-9039,"5640 Lee Square Suite 962
New Laurenfurt, TX 30088",N,hours
417,Molly Wallace,687-78-5821,"9944 Bennett Lights
Chrisfort, PR 24799",Y,miles
418,Patricia Wilson,265-30-7672,"38021 Le Oval
New Mikaylafort, MI 66376",Y,miles
419,Michelle Ford,226-57-2895,"831 Mitchell Track Suite 098
South Kevin, AS 36219",Y,miles
420,Miguel Brown,196-17-8258,"072 John Branch Apt. 310
South April, WI 58662",Y,miles
421,Valerie King,483-80-4994,"6550 Logan Port
Fernandezmouth, GU 03237",Y,miles
422,Scott White,506-48-8062,"665 Jordan Mountain
Port Justinmouth, AR 70069",Y,miles
423,Jason Reed,111-38-9907,"6591 Hatfield Overpass
New Jerryborough, AL 41358",Y,hours
424,Holly Richardson,785-87-3007,"41332 Kathleen Walks Suite 724
East Margaret, AS 37990",Y,hours
425,Justin Taylor,746-31-6353,"9215 Robinson Wells
East Tammy, WI 84270",N,hours
426,Douglas Cohen,847-92-4319,"7753 Jake Manor
East Todd, MS 88814",Y,miles
427,Brandon Andrews,618-47-6947,"676 Gray Highway
Susanville, VA 66297",N,hours
428,Donna Gamble,352-77-9677,"918 Cynthia Summit
Lake Jeremymouth, WV 44185",Y,miles
429,Joshua Smith,815-11-1569,"654 Theresa Lodge
Port Michelle, SC 36794",N,hours
430,Frank Bruce,552-65-9145,"2880 Thomas Highway Suite 141
Yvonneville, CA 88357",Y,hours
431,Sarah Garrett,663-32-6008,"06389 Allen Meadow
Port Amy, MS 53800",N,miles
432,Kaitlyn Saunders,671-82-4011,"63883 Williams Via
New Christina, MH 60669",N,miles
433,Brandon Hays,437-48-2908,"410 Jimenez Walk Apt. 189
West Juanburgh, RI 65698",Y,miles
434,Brooke Phillips,317-25-0372,"Unit 6179 Box 9402
DPO AE 66063",Y,miles
435,Abigail Lucas,566-19-9269,"59023 Sierra Burgs
Brendaton, NV 68913",Y,hours
436,Kathy Holmes,376-70-4996,"476 Tiffany Keys
Port Erica, VA 67625",N,miles
437,Thomas Schultz,600-18-5667,"166 Christian Falls
South Scott, UT 50553",N,miles
438,Jennifer Patterson,872-73-4539,"USS Hester
FPO AA 48302",Y,miles
439,Miss Julia Peck,267-11-0274,"788 Terry Mews Suite 371
West Johnborough, OK 22340",N,miles
440,Holly Velez,876-40-8923,"57829 Roberson Forest
Kiddmouth, GA 23246",N,miles
441,Mr. Edwin Boyer,566-36-0462,"6283 Kyle Spur Apt. 809
Tammymouth, MT 10553",N,hours
442,Erika Smith,232-27-5464,"094 Shelly Street
Powellport, AR 60344",Y,hours
443,Jeremy Shaw,841-77-4121,"455 Phillip Manor
East Elizabeth, MN 50859",N,hours
444,Brenda Ramirez,077-69-1325,"493 Alvarez Land
North Jennifer, IL 02295",Y,miles
445,Sarah Aguilar,783-48-6086,"PSC 8163, Box 2149
APO AE 11585",N,miles
446,Jose Padilla,778-88-6272,"044 Hall Mount
New Jeremiahton, KY 42148",N,hours
447,Kimberly Mcdonald,099-40-5816,"938 Turner Bypass
Buchananstad, VA 82605",N,miles
448,Brandy Anderson,028-55-5917,"429 Johnson Ranch Apt. 782
Jenniferville, MA 64745",Y,hours
449,David Guerrero,595-23-2913,"828 Nguyen Oval
Jaimeberg, AS 68559",Y,hours
450,Hector Gutierrez,514-47-8286,"92077 Lisa Greens
Michaelshire, LA 84496",Y,hours
451,Dawn Peterson PhD,473-62-6885,"9798 Amanda Walks
Lake Andrew, CO 22888",Y,miles
452,Casey Singleton,057-05-6200,"4152 Kathleen Bypass Apt. 325
Jonesside, MH 33608",Y,hours
453,Jeffrey Mendoza,845-95-4374,"764 Samantha Plains Apt. 585
Lopezburgh, PA 47940",N,hours
454,Ralph Davis,320-97-8367,"3459 Lori Wells Suite 428
New Robert, MA 47857",Y,hours
455,Jessica Zimmerman,372-15-1227,"USNS Diaz
FPO AE 44613",N,hours
456,Aaron Johnson,193-44-4602,"26668 Anne Groves Suite 938
Harperberg, MO 12852",Y,miles
457,Samantha Chapman,043-43-7213,"229 Daniel Rapid Suite 042
East Mary, VT 77097",N,miles
458,Jose Davis,698-14-7017,"457 Johnson Burgs
West Taylorburgh, VA 21298",N,miles
459,Kimberly Johnson,568-90-7988,"00375 William Divide
Harperchester, MN 98391",N,miles
460,Lori Watts,229-24-3060,"70540 White Place Suite 076
Port Evelyn, GU 24781",Y,hours
461,Todd Johnson,675-38-9947,"945 Barnett Flats Suite 493
Alexishaven, SC 09459",N,hours
462,Rachel Jones,179-47-6868,"769 Taylor Station Suite 215
East Patrick, VI 80511",N,hours
463,Lisa Diaz,208-14-1933,"42845 Fisher Mount
Stevenborough, MD 25760",N,hours
464,Aaron Hall,802-72-2140,"53252 Kelly Estate Suite 983
North Hannahland, OK 01984",Y,hours
465,Steven Cooper,546-10-1177,"96183 Moore Court
Aguirrefort, MN 86129",N,miles
466,Stephanie Parrish,645-07-6935,"026 Burnett Lights
East Samanthashire, RI 52748",N,hours
467,Kelly York,132-55-7937,"684 Avery Curve
West Tasha, RI 23728",Y,hours
468,Anthony Casey,574-81-8598,"9397 George Circle
Johnstad, PA 11411",Y,hours
469,Kristin Payne,538-28-7462,"4861 Lisa Rapids Suite 176
Port Jenniferview, CT 30538",N,miles
470,Shane Blackwell,368-72-3453,"2870 Thomas Light
Williamsmouth, AK 67819",N,miles
471,Mary Ryan,513-06-6914,"350 Hubbard Extension Suite 572
Yangborough, AL 94516",Y,miles
472,Cindy Ayers,273-50-5241,"13466 Mcmillan Streets Suite 124
Timothyfort, SD 70195",N,miles
473,Todd Turner,137-61-6683,"41711 Kelly Island Suite 270
Jenniferland, WY 01059",N,hours
474,Jonathan Orr,401-65-8646,"239 Joel Locks
Hammondmouth, AS 01960",Y,miles
475,Joseph Lee,717-44-9672,"6769 Michael Key Suite 110
West Crystal, KS 15295",Y,hours
476,Jessica Moore,221-73-2638,"592 Davis Rapid
Amandafort, MP 10373",N,miles
477,Jason Warner,796-81-5652,"567 Joshua Throughway
Teresahaven, DE 38203",N,miles
478,Jennifer Hood,573-06-3020,"574 Flores Square
Shawntown, CO 18742",N,hours
479,Tamara Allen,442-31-7117,"Unit 9299 Box 9092
DPO AA 25344",N,hours
480,Gina Garcia,870-58-7984,"15565 Christopher Plain Suite 056
Nicolemouth, AS 81898",Y,hours
481,Emily Singh,719-21-4174,"80396 Bennett View
West Rebecca, FL 41068",Y,hours
482,Tracy White,108-90-8204,"613 Stephanie Street
Port Jacqueline, ID 41188",N,miles
483,Connie Benjamin,237-70-9441,"1445 Shelton Road Suite 811
South Stephaniefurt, IN 04592",N,hours
484,David Greene,590-74-5976,"406 Cox Isle Apt. 468
Josephberg, IN 13822",N,hours
485,Aaron Chavez,204-20-1916,"89891 Coleman Village
North Phillipfort, ME 79446",Y,hours
486,Crystal Moore,563-08-2112,"7184 Mueller Field Suite 204
Port Joshua, GA 91881",Y,miles
487,Julie Stephens,123-88-0413,"417 Clark Corners
Robertsonstad, KS 46547",Y,miles
488,Zachary Hawkins,224-30-1892,"403 Spears Tunnel
Anthonyberg, KY 47142",Y,miles
489,Barry Smith,731-81-5812,"8333 Hall Cove
East Normaside, NC 58183",Y,miles
490,Cassandra Collins,843-78-6869,"3016 Sanchez Prairie Suite 142
Montgomerychester, SC 50320",N,miles
491,Scott Evans,606-77-2084,"22761 Caitlin Fields Apt. 356
Hansenville, GA 26550",Y,hours
492,Larry Mcgee,296-82-9392,"481 Catherine Glen Apt. 558
East Robert, MA 93203",Y,miles
493,Lori Jackson,204-47-3687,"6268 Brian Via
Davidstad, AL 07081",Y,miles
494,Craig Thompson,680-46-5860,"Unit 3948 Box 0669
DPO AA 62100",Y,hours
495,Jessica Walker,610-74-0144,"91764 Paul Pine
Lake Joshuaberg, MH 25563",N,miles
496,Gerald Hughes,028-05-2580,"0056 Kim Plaza Apt. 482
Murphyfort, IL 75860",N,miles
497,Taylor Rogers,803-85-2618,"26346 Randall Flat
West Timothy, NC 95978",N,hours
498,Jennifer Owen,800-94-4767,"3100 Stephens Meadows Apt. 951
Clarkeburgh, GU 50034",N,miles
499,Diana Taylor,179-32-0322,"3543 Jennifer Mission Suite 454
Port Sarastad, KS 39991",Y,hours
500,Billy Oliver,855-39-6943,"92264 Amanda Rapids Suite 312
Lake Donna, MN 35160",N,hours
501,Dana Griffin,688-90-0634,"8853 Norris Mill
Lake Marcus, LA 61090",N,hours
502,Samantha Evans,027-91-5894,"651 Michael Stravenue
Steveland, GU 47126",Y,miles
503,Kathryn Lewis,538-39-7115,"06015 Gibson Manor Suite 817
Thompsonborough, RI 94070",Y,miles
504,Valerie Lawrence,234-63-9672,"668 Samantha Center
West Amberville, VT 45194",Y,miles
505,Christine Rodriguez,344-33-2470,"559 Barrett Viaduct Suite 261
Amandachester, TN 19559",Y,hours
506,Anne Mckenzie,730-90-6018,"61246 Mason Springs
Stewartberg, MH 56133",Y,miles
507,James Armstrong,171-64-0287,"2156 Mark Mountains
South Sabrinafurt, WY 52405",N,miles
508,Cody Smith,625-43-0147,"20410 Dillon Shoals
Lake Daniel, DE 53344",N,hours
509,Carly Carney,766-95-2842,"376 Shawna Mountains
Port Marissamouth, FM 67772",Y,hours
510,Heather Tran,086-78-7319,"719 Sandra Freeway
North Nicole, PR 63203",Y,hours
511,Rebecca Mosley,577-02-2278,"25231 Lopez Courts Apt. 646
Johntown, IA 32316",N,hours
512,Joseph Nguyen,127-61-7688,"731 Lynn Stravenue Suite 156
South Peterside, GU 58386",N,hours
513,Anthony Lane,562-68-8128,"1938 Durham Loaf
Wileyberg, AL 02191",N,miles
514,Julie Torres,140-41-0985,"32877 Williams Underpass
North Jenniferfurt, CA 48998",Y,hours
515,Lisa Taylor,008-88-2987,"403 Ruiz Rapids Suite 661
Taylorchester, NY 99268",Y,miles
516,Amber Cunningham,123-62-5853,"88018 Morris Trail Suite 111
West Robert, NE 36512",N,miles
517,Christopher Savage,386-47-8212,"02268 Kelly Pines Apt. 502
Port Jodimouth, AK 91541",N,hours
518,Kevin Trevino,288-32-9656,"031 Kathleen Prairie Suite 655
North Rebecca, AZ 57128",Y,hours
519,Amy Gutierrez,457-16-0735,"PSC 1895, Box 3623
APO AE 82689",Y,miles
520,Tyler Mullen,885-12-9079,"798 Jackson Plains Apt. 631
Aaronborough, IL 73992",Y,miles
521,Katherine Shepherd,152-37-1304,"28981 Nicole Rue Apt. 102
Schwartzville, SD 98046",N,miles
522,Nicole Santiago,080-43-2690,"7374 Erin Square
Port Wendytown, MH 29781",N,hours
523,Alexander Graves,620-24-9278,"892 Roberts Route Apt. 747
Klinefort, OH 83094",N,hours
524,Scott Clark,312-51-6651,"79053 Patricia Burg Apt. 389
Peterfort, ND 67151",Y,hours
525,Thomas Ward,633-03-4203,"740 Mcdaniel Village
Travisland, GU 44935",N,hours
526,Gregory Cobb,877-46-2078,"79051 Michael Valley Apt. 250
Collinsbury, MO 79905",N,miles
527,Melissa Baldwin,705-29-6679,"5220 George Stream
Port Kristen, WV 60402",Y,hours
528,Julie Murillo,151-92-0609,"526 Nichols Fords
New Mariah, WA 64984",N,miles
529,Keith Bryant,362-31-7204,"PSC 8395, Box 0378
APO AE 61438",N,hours
530,Gloria Hunter,601-45-6016,"5110 Lauren Turnpike Suite 335
Timothyfort, IN 31991",Y,hours
531,Billy Thomas,337-50-2386,"15008 Sandra Courts
East Angelaborough, IL 93978",Y,hours
532,Eric Smith,372-45-7589,"3283 Costa Circles
Davisborough, LA 94583",Y,miles
533,Claire Harris,665-26-2582,"1067 Darren Views Suite 661
North Christina, ID 78394",N,hours
534,Michele Castillo,500-09-2043,"993 Montgomery Summit
Port Zachary, PA 06564",Y,miles
535,Lisa Martinez,388-31-1841,"4473 Franklin Springs
Jeffreychester, SC 81910",N,hours
536,Bryan Olsen,311-88-2779,"642 Benton Green Suite 395
Williamtown, MD 73350",N,miles
537,Joanna Henry,895-77-1011,"69694 Christina Loop
Randyborough, MS 93312",Y,miles
538,Ronald Henderson,541-07-7041,"USNV Duncan
FPO AE 61078",Y,hours
539,Scott Fleming,610-75-1494,"418 Cox Pass
Emilyfurt, IL 52134",N,hours
540,Diana Reese,489-46-6568,"2081 Michael Garden
Griffithville, NE 54732",Y,hours
541,Jeffrey Yu,895-37-7627,"1772 Ronald Dam
Troychester, HI 40014",N,miles
542,Shannon Kerr,622-82-7253,"76143 Monica Views
Matthewhaven, NM 60326",N,miles
543,Ronald Case,166-20-0804,"198 Bethany Summit Apt. 859
Cruzbury, LA 53390",Y,hours
544,Andrew Brewer,557-53-2701,"48212 Bowman Trafficway
Sarahburgh, WY 91847",Y,hours
545,Brandon Henry,896-39-4895,"60851 Robert Lodge Apt. 825
Grahamchester, FM 10898",Y,miles
546,Carolyn Vasquez,111-66-1020,"88682 Jones Bypass
East Brettborough, VI 39613",Y,miles
547,James Ruiz,189-99-0021,"0748 Garcia Walks Suite 378
West Marcus, OK 95990",Y,miles
548,Donald Bell,885-80-5644,"1933 Carter Estate
Lake Michelleburgh, ID 29581",N,hours
549,Charles Dalton,103-59-6044,"308 Miller Prairie Suite 630
Jonesside, RI 83497",N,hours
550,Anthony Simpson,213-68-9183,"PSC 5737, Box 4874
APO AE 49893",Y,hours
551,Thomas Rice,151-58-6586,"USS Simpson
FPO AE 15059",Y,hours
552,Lauren Martinez,864-94-4936,"4892 Shelton Pine Apt. 378
East Kirsten, AK 52427",Y,miles
553,Donna Adams,151-39-4187,"635 Schwartz Knoll
Smithberg, GU 04804",N,miles
554,Catherine Cruz,633-40-4179,"13521 Moreno Burg
Kevinbury, IA 15627",Y,miles
555,Edwin Klein,248-19-4050,"PSC 6455, Box 4261
APO AE 45605",N,hours
556,Robert Hoffman,041-72-0919,"776 Allen Lights Suite 117
North Katherine, MS 68931",N,hours
557,Ronald Taylor,795-12-9301,"28555 Smith Lakes Apt. 983
Laurenville, TN 44620",N,miles
558,Alicia Lee,768-78-6094,"6843 Solis Turnpike Suite 256
Huntshire, NM 26876",N,hours
559,Michelle Young,344-39-6363,"277 Cruz Harbors
Sheltonmouth, NH 49004",Y,miles
560,Jennifer Morales,331-72-8473,"262 Sandra Greens
South Jessica, MD 16568",N,hours
561,Christian Lopez,258-72-8647,"3416 Jesse Locks
Dawnview, IA 33929",Y,hours
562,Sheila Sanders,856-12-2912,"Unit 2318 Box 6713
DPO AA 72257",N,miles
563,Michael Martin,176-15-2046,"50917 Collins Islands Suite 815
Kathyside, RI 61732",Y,hours
564,Michael Nelson MD,092-06-6438,"Unit 5834 Box 7381
DPO AE 05242",N,hours
565,Patrick Taylor,369-82-9061,"PSC 1433, Box 4115
APO AA 21643",Y,hours
566,Lisa Faulkner,464-86-3888,"056 Braun Extension Apt. 584
Onealside, UT 23405",N,miles
567,Denise Gonzalez,288-23-2116,"262 Gina Neck
New Ashleymouth, VT 62532",N,miles
568,Rhonda Roberts,387-73-6813,"54004 Alan Underpass
Veronicachester, CO 92295",Y,hours
569,Seth Grant,031-08-2206,"907 Laurie Trail Suite 799
Port Tara, WI 72894",N,hours
570,Samuel Bowman,737-93-4758,"122 Rios Mission Apt. 388
Port Haileyland, OK 08003",N,hours
571,Angela Harris MD,526-84-9019,"655 Anderson Course
Port Jennifer, MI 10817",N,hours
572,Robert Johnson,075-67-6512,"1514 Quinn Summit
Lake Brian, CA 17493",N,miles
573,Ryan Mcconnell,875-23-0490,"804 Chad Manors Suite 395
Geraldmouth, KY 49277",Y,miles
574,Tanya Baker,092-64-3220,"6398 Scott Fall
North Caroline, AK 12867",N,hours
575,Maria Wilkerson,721-82-4020,"960 Derek View Apt. 530
West Arthur, NV 73290",N,miles
576,Chelsea Clark,354-82-5210,"245 Austin Forge Suite 808
Port Scottton, MN 71931",Y,hours
577,Tina Sanders,729-31-4074,"66760 Perez Spurs
New Ricky, WA 60393",Y,miles
578,Mrs. Ashley Hood,044-03-2729,"43036 Fisher Square Apt. 425
Lake Jonathanfurt, MI 42457",N,hours
579,David Dean,531-12-9397,"2122 Reilly Shoals Suite 574
Port Richard, ME 22710",Y,miles
580,David Wilson,152-43-8541,"2360 Morrison Run Apt. 509
Morganton, WV 60630",Y,miles
581,Elizabeth Hunt,279-43-9770,"60638 Reynolds Ports
North Craigside, LA 43783",N,miles
582,Connor Huynh,662-77-1939,"65225 Colleen Stravenue
South Conniestad, MH 53434",Y,miles
583,Darren Blake,798-16-4843,"63930 Freeman Throughway Suite 946
Brownton, SC 90179",N,hours
584,Hailey Rodriguez,296-42-8844,"PSC 2206, Box 0483
APO AE 87577",Y,miles
585,Jonathan Griffin,865-77-5909,"5927 Wiley Glen
Garciaside, MA 91163",Y,hours
586,Tyler Baxter,891-74-0171,"63730 Henry Pine Suite 055
Valenzuelafurt, VT 11128",N,hours
587,Kevin Butler,529-90-9197,"USNS Jones
FPO AE 26489",Y,hours
588,Scott Wilson,639-61-2557,"375 Andrea Mount
Martinezmouth, MD 73027",Y,hours
589,Darius Wallace,511-80-5816,"6239 Flowers Meadow
Roseport, AS 78905",N,miles
590,John Smith,639-34-8993,"264 Schroeder Island Suite 520
East Michaelstad, IA 44063",N,miles
591,Emily Johnson,789-50-7749,"Unit 8535 Box 1400
DPO AA 65606",Y,miles
592,Derek Bishop,138-23-5588,"58713 Owen Plaza
East Tony, OR 47466",N,hours
593,Danielle Perez,016-28-8447,"475 Christopher Station
Jamestown, RI 85924",Y,hours
594,Jared Greene,618-53-8155,"76644 Vincent Vista
South Benjamin, AS 78946",Y,hours
595,Kelly Harris,145-29-1075,"722 Heather Lights Apt. 183
South Robertland, ND 96978",N,miles
596,Connie Scott,059-02-8114,"49294 Fry Wall Apt. 481
East Elizabeth, NV 09205",N,hours
597,James Kennedy,054-90-9482,"Unit 3424 Box 4278
DPO AE 27341",Y,hours
598,Jared Grimes,213-36-2684,"6858 King Mission
North Richardville, NC 71352",N,miles
599,Danielle Ramos,715-63-4798,"46825 Oneill Walks
East Mindystad, TN 65828",Y,hours
600,Duane Todd,763-43-8889,"888 Griffin Track
Port Scott, ID 83719",Y,miles
601,Louis Adams,169-72-4481,"876 Michael Plain Apt. 102
South Emilyland, LA 69104",N,miles
602,Robert Carlson,786-51-4379,"69475 Michael Manor Apt. 365
South Danielle, MO 43487",N,miles
603,Brianna Sutton,853-40-6384,"03172 Amy Court Apt. 894
Westview, KS 55609",Y,miles
604,Ashley Ibarra,452-95-0423,"8387 Medina Fields Apt. 798
Boydfurt, MO 68816",Y,miles
605,Robert Newton,777-27-1345,"1278 Ruiz Lodge
East Ronaldstad, MI 73118",N,miles
606,Laurie Hall,387-97-1847,"40694 Harris Fork Suite 096
Larsontown, VA 32783",Y,hours
607,Mrs. Megan Morgan,750-11-6113,"4840 Wolfe Hill
New Rachelbury, NM 84152",Y,hours
608,Adam Lee,017-37-8247,"33343 Gordon Skyway
East Don, AR 00572",Y,miles
609,Timothy Kelley,579-39-7359,"USCGC Johnson
FPO AP 76993",N,hours
610,Michael Smith,466-10-6298,"30426 Cody Plaza
Sandersborough, NM 92826",N,hours
611,Michael Martinez,857-60-9722,"565 Kevin Flat Suite 771
Boydville, MO 56971",Y,hours
612,Susan Hampton,486-10-3458,"91715 Knight Locks
Christianton, AR 39763",N,hours
613,Ryan Williams,316-04-1700,"USCGC Mason
FPO AE 81121",N,miles
614,Ronald Miller,725-12-9676,"09486 Buckley Center Suite 360
South Mary, NC 08993",N,hours
615,Jackie Palmer,678-72-3692,"6278 Timothy Trafficway
Kyleton, ME 37699",N,miles
616,Holly Higgins,025-60-9025,"52230 Johnson Way
Michaelmouth, AR 86250",N,hours
617,Joseph Macdonald,745-20-0172,"08096 Margaret Islands Suite 125
Jessicaview, KY 20041",Y,miles
618,Thomas Grant,691-45-9067,"45622 Lowery Underpass Apt. 443
Conradmouth, PW 08645",Y,hours
619,David Evans,774-19-2021,"0061 Michelle Burgs
New Erica, VI 76580",Y,hours
620,Michael Patterson,200-42-3563,"7696 Sarah Pass
West Meganchester, ND 61287",N,hours
621,Angela Fitzgerald,244-08-1370,"4714 Betty Vista Apt. 921
East Tara, MP 61239",N,miles
622,Sarah Sherman,054-86-0196,"916 Matthew Point
Matthewview, GA 54003",N,miles
623,David Shaw,108-22-6969,"9505 Lee Divide Apt. 053
Johnsonchester, VA 06590",Y,hours
624,Katie Stone,579-03-6183,"5603 Eaton Knolls Suite 182
Stephaniehaven, ND 76839",N,hours
625,Eddie Harris,321-22-3388,"31311 Pamela Mill Suite 832
Port Kimberlyshire, PR 92638",N,hours
626,Brian Gay,444-97-8825,"48879 Caleb Springs
North Christophermouth, MS 59059",Y,hours
627,Scott English,813-54-8381,"771 Cassandra Port Suite 098
Jameston, MN 21119",N,hours
628,Christopher Green,455-06-0293,"1531 Alexandra Skyway
Trevinofort, VI 44153",Y,hours
629,Michael Fry,244-48-1851,"0404 Anderson Drive Suite 009
Hughestown, VA 79176",N,miles
630,James Hunt,061-42-3285,"21937 Karla Pine Suite 590
Kathymouth, AK 90685",N,hours
631,Juan Morales,397-01-7826,"753 Tran Camp Apt. 574
Carrhaven, WA 62167",N,miles
632,Gregory Russo,241-59-8923,"157 Zhang Vista Apt. 693
West Faith, KY 73757",Y,hours
633,Robert Johnson,288-34-5198,"Unit 7473 Box 8404
DPO AP 82527",N,hours
634,Jared Thomas,780-63-5074,"Unit 5573 Box 4990
DPO AA 16533",Y,hours
635,William Gordon,780-10-6566,"208 Roger Motorway Apt. 023
Carlaview, WY 57621",N,hours
636,Ryan Diaz,646-34-5210,"959 Eric Flat
Evansfort, ND 94563",Y,miles
637,Aaron Terrell,898-51-7701,"137 Douglas Alley
Lake Jessicahaven, PA 42143",Y,miles
638,Stacy Kelly,192-98-5171,"034 Day Avenue Suite 506
Lake Bobby, MD 87347",Y,hours
639,Leslie Snyder,562-31-8290,"05536 Rojas Terrace Apt. 528
Port Samantha, PW 54806",N,miles
640,James Jones,181-48-1150,"0705 Chaney Village Suite 958
Lake Jesusfort, ID 99675",N,hours
641,Alicia Washington,630-14-2421,"Unit 2845 Box 9956
DPO AE 02666",N,hours
642,Zachary Reeves,552-95-9895,"966 Tiffany Islands
East Nathanport, TX 35246",N,miles
643,Emily Dixon,432-32-5589,"581 Krystal Locks Apt. 283
Lake Monica, VA 65306",Y,hours
644,Michelle Ibarra,348-77-6765,"PSC 5250, Box 3388
APO AE 55399",Y,miles
645,Alexis Johnson,898-99-4986,"26524 Anderson Inlet
Gonzalezborough, NY 02391",Y,miles
646,Steven Long,685-25-1035,"227 Phillip Lights
Anthonyfort, CO 22989",Y,miles
647,Lisa Marshall,251-50-9888,"20266 Bradley Land Apt. 098
Jacquelineberg, MN 98484",N,miles
648,Penny Hunter,539-19-9354,"7686 Allen Shoal
Audreyburgh, UT 67611",Y,hours
649,Bobby Mckinney MD,160-09-9978,"884 Mark Row Suite 718
Johnsonburgh, MA 70491",N,hours
650,Kyle Mills,456-24-1709,"71733 Gonzalez Circles
New Katieburgh, NJ 31073",N,hours
651,Kathleen Adams,410-09-5092,"532 Hodge Mission Apt. 472
Billyton, FM 36253",Y,hours
652,Mrs. Allison Chavez,609-58-8557,"89302 Alexis Dam
Swansonmouth, WY 73550",N,miles
653,Wendy Hudson,088-36-3455,"7246 Scott Heights Apt. 576
Davisberg, MT 72725",N,miles
654,Nicole Le,354-94-0762,"14144 Powell Path Suite 034
Tonyborough, IN 91259",Y,hours
655,Scott Wong,744-84-1889,"36566 Brian Trafficway
Wallsbury, WY 98807",Y,hours
656,Amanda Gay,568-35-2411,"240 Krause Points
Port Samuel, TX 19255",Y,hours
657,Shannon Smith,573-67-8315,"21993 Eric Lakes
New Tracy, CT 66518",N,hours
658,Cristian Baker,178-57-2853,"15266 Maureen Green Apt. 638
East Daniellechester, WV 25479",N,hours
659,Scott Lucero,185-59-8582,"819 Ryan Ports
Nicolechester, NE 85982",Y,miles
660,Jessica Andrade,795-55-4446,"2070 Charles Keys
Jimenezside, AR 67885",Y,hours
661,Joshua Rodriguez,249-80-5417,"PSC 0387, Box 7875
APO AP 45674",Y,hours
662,Nicole Reyes,835-71-2633,"5252 Nicole Spurs
Michaelburgh, WA 96801",Y,hours
663,Jonathan Wong,547-70-5649,"1886 Morris Viaduct Suite 704
Petertown, WA 87399",Y,miles
664,Hannah Lloyd DVM,526-37-0270,"PSC 7726, Box 8527
APO AE 16655",N,hours
665,Denise Ellis,236-40-2034,"63313 Jeffery Mountain Apt. 145
Lake Anthonyland, PR 94847",N,miles
666,James Barr,680-39-8990,"5189 George Canyon
Jasonstad, WY 82819",Y,hours
667,Shelby Hale,155-33-5815,"06839 Sanchez Bridge Apt. 870
Lawrenceland, NE 68014",N,miles
668,Charlene Clark,293-68-5919,"1067 Torres Ville
West Elizabethville, MD 01116",Y,miles
669,Thomas Parrish,681-91-9064,"9980 Kim Spurs Apt. 110
Lake Peterton, NM 24486",N,hours
670,James Kennedy,135-76-9918,"00700 Diane Square Apt. 520
Greenfort, RI 38112",N,hours
671,Kayla Odom,590-93-1591,"Unit 1682 Box 3994
DPO AA 69438",N,miles
672,Robert Robbins,490-51-7125,"03531 Wong Walk
Hawkinsburgh, FL 50688",N,miles
673,Matthew Palmer,184-08-9977,"652 Michael Street Suite 420
Reedborough, MI 26955",N,hours
674,Thomas Johnson,469-97-5374,"331 Karina Extensions
New Josephbury, CA 77308",Y,miles
675,Jillian Young,630-04-0671,"33766 Lisa Camp Apt. 847
West Brittanymouth, VT 90263",N,miles
676,Mark Bishop,104-72-2653,"171 Stevenson Rest Suite 729
Lake Briana, VA 31318",N,hours
677,Larry Sanders,876-56-4349,"84308 Jack Glens
Port Johnmouth, TX 51967",Y,miles
678,Teresa Sampson,772-65-3823,"21061 Wyatt Villages
Port Sarah, OK 23732",N,miles
679,James Gonzalez,650-79-7370,"347 Bell Plaza Apt. 300
Jacquelineberg, WY 33244",N,hours
680,Leonard Goodman,244-94-3248,"PSC 9964, Box 0168
APO AA 31759",Y,miles
681,Amber Reyes,233-83-7400,"9607 Hendrix Rue Apt. 271
Palmertown, HI 22323",N,miles
682,Jessica Hicks,897-09-9035,"91465 Williams Center Apt. 280
Joshuatown, GU 56188",N,miles
683,James Griffith,709-30-7806,"PSC 7778, Box 4786
APO AA 08886",Y,miles
684,Juan Jones,238-49-5109,"67277 Eric Cliffs Suite 329
New Jamesmouth, NH 26806",N,miles
685,Rebecca Foley,417-93-3128,"83461 Bowman Estates Suite 573
Jameshaven, WA 36700",N,hours
686,Joe Richardson,539-18-8031,"966 Simmons Fords
Lake Reneefurt, CA 85718",N,miles
687,Cody Cook,703-89-9092,"4487 Kyle Expressway
North Julieburgh, MO 02652",N,hours
688,Amanda Williams,359-95-8177,"10104 Michelle Lane Apt. 267
Nicholaschester, IL 47412",N,hours
689,Timothy Boone,286-54-2971,"157 Jonathan Brook
Rasmussenmouth, NM 96334",Y,miles
690,Shannon Decker,253-29-7081,"69946 Tara Groves Suite 173
Salazarbury, NJ 77509",N,miles
691,Anna Guerra,412-37-2467,"022 Melinda Roads Apt. 480
West Joshuafort, MI 42645",Y,miles
692,Larry Woods,285-35-8253,"270 Mitchell Tunnel Apt. 666
East Rhonda, AK 26703",Y,miles
693,Stephanie Thompson,254-07-7964,"4780 Emma Views Suite 423
West Steven, VA 51577",Y,miles
694,Mary Fleming,509-89-4794,"7439 Jeffrey Ports Suite 052
North Jacqueline, IL 97340",Y,hours
695,Nathan Thomas,507-41-4664,"6149 Jodi View
Lake Keith, TX 82967",N,miles
696,Michael Gonzales,825-85-1344,"621 Rachel Field
South Jonathanborough, NJ 45950",Y,hours
697,Diane Roberts,294-74-9868,"869 Chris Lakes Suite 938
North Andreside, WY 16580",N,hours
698,Sara Gardner,079-52-4063,"950 Sandra Manor
South Marcushaven, NM 74329",Y,hours
699,Valerie Johnson,190-54-2184,"24005 Nicholas Shores
Beckchester, VT 38228",N,hours
700,Jennifer Hernandez,517-72-1593,"45487 Erin Ramp
Reyeschester, NY 49118",Y,miles
701,Charles Vasquez,791-26-7725,"4606 Clark Burg Suite 051
Adamview, TN 48807",Y,hours
702,Stacey Payne,295-78-0760,"059 Fox Road
Lake David, DE 70007",Y,hours
703,Terri Roth,705-68-3591,"618 Wise Course
Kellyhaven, WA 06791",N,miles
704,Peggy Mccormick,693-26-0990,"03238 Fuentes Extensions Apt. 498
West Jonathan, IA 37965",Y,miles
705,Daniel Watson,313-93-0534,"1144 Smith Canyon
New Johnhaven, RI 84416",Y,miles
706,Daisy Schultz,630-21-8768,"846 Woods Key Apt. 306
Lake Jeffrey, AZ 14025",N,hours
707,Roberta Kelley,126-71-9427,"719 Anderson Turnpike
Bautistamouth, NC 48789",Y,miles
708,Christopher Cook,062-59-7797,"517 Carpenter Islands Suite 707
Lopezshire, CT 26277",Y,miles
709,Craig Hansen,608-93-2301,"31735 Knapp Grove
Jacksonside, PR 98431",Y,miles
710,Douglas Rivers,699-40-9241,"29124 Melissa Gardens Apt. 449
Paynetown, MA 21603",Y,miles
711,Mrs. Julie White,769-44-9868,"9277 Tony Manor Apt. 730
Marymouth, MT 29031",N,hours
712,Courtney Martinez,772-48-9676,"6386 Lewis Path
Johnsonmouth, WY 19519",Y,miles
713,Julie Hicks,861-75-2273,"64633 Gonzales Avenue Apt. 903
Port Jocelyn, MN 69883",N,miles
714,Alexander Perry,825-17-9755,"09576 Martinez Stravenue Suite 413
Stoneport, UT 78332",Y,miles
715,Melissa Carney,087-59-1092,"14335 Alvarado Radial
West Deanside, MO 92705",Y,miles
716,Jennifer Garcia,035-59-0318,"1336 Williams Forge
Yolandastad, ME 10596",Y,miles
717,Kyle Martin,060-46-1556,"966 David Trafficway
South Alexisville, LA 76344",Y,miles
718,Carol Baker,139-81-7821,"23111 Sloan Ford
South Aaronland, MT 45720",N,miles
719,Brian Garrett,797-37-4285,"977 Jimenez Islands
Caseborough, AS 66698",N,hours
720,Nicole Wells,881-75-2634,"2727 Andrew Lake
Gibsonview, MT 80183",N,hours
721,Robert Johnson,385-12-2384,"5862 Huang Shore
Shanestad, NY 53831",Y,miles
722,Amy Shepard,529-48-6274,"460 Melinda Walks
Port Sherriport, GA 67002",Y,hours
723,Mary Holmes,138-57-5188,"82159 Lori Inlet Suite 301
West Don, ID 47287",Y,hours
724,Rebecca Baker,820-86-2518,"3435 Eric River Suite 982
North Stephaniechester, FM 41034",Y,miles
725,Tammy Sullivan,300-47-4644,"5682 Grant Inlet
Stevenshire, FL 24419",Y,hours
726,Cheryl King,357-22-9791,"966 Cameron Mountain Suite 192
East Katherine, NM 12664",Y,miles
727,Samantha Flores,810-15-1755,"238 Thomas Alley Apt. 227
Westville, GU 30283",Y,hours
728,Margaret Shaw,095-78-9985,"8945 Huynh Junction Apt. 437
New Melissahaven, MI 35635",Y,miles
729,Michael Ross,483-76-4694,"575 Graham Tunnel
East Williamhaven, OR 67044",Y,hours
730,Jonathan Young,818-37-6070,"973 Darin Pike Apt. 734
Robbinston, NY 68450",Y,hours
731,Nicole Nixon,163-65-5833,"09164 Wilson Camp Suite 195
Johnmouth, IN 32507",Y,miles
732,Jenna Davis,729-97-4155,"30778 Lewis Lodge Suite 713
Port Emilybury, VA 34418",Y,miles
733,Leah Wilcox,707-74-8972,"90968 Short Isle
Webbberg, IL 86103",Y,miles
734,Joseph Stevens,718-51-1056,"84666 Thomas Gateway Suite 264
Port John, AL 62528",Y,hours
735,Kimberly Ramos,101-77-0131,"PSC 4014, Box 5888
APO AE 46039",Y,miles
736,Danielle Meyer,887-17-3238,"53673 Amber Islands Suite 173
Careymouth, NE 61767",N,miles
737,Jeremy Wyatt,106-26-0119,"43903 Bush Ports Apt. 109
South Martha, NJ 21070",N,miles
738,Daisy Smith,654-89-2174,"0842 Hanna Shoal
North Markfort, UT 47366",N,miles
739,Tammy Baker,381-03-5615,"9959 Lawrence Light Suite 347
Jessicaton, OK 17163",N,hours
740,Kelly Williams MD,689-45-2461,"075 April Isle
Oconnorshire, SD 15482",Y,miles
741,Lori Schneider,451-80-1192,"24193 Villegas Flat Apt. 803
Port Laura, OR 28420",Y,miles
742,Kayla Santos,784-92-6811,"3600 Stephanie Skyway
Anthonyview, MS 16800",N,hours
743,Douglas Martinez,887-14-8292,"USNV Harper
FPO AA 52241",Y,hours
744,Robert Reynolds,100-56-7366,"4983 Velez Place
Campbellfurt, SC 68476",N,hours
745,Lisa Miles,628-54-9333,"82366 Christian Flat Suite 378
South Robertport, PR 93179",Y,hours
746,Ryan Barrett,778-85-2637,"USNS Fleming
FPO AE 50783",Y,hours
747,Robert Brown,197-95-5959,"74953 Jackson Ways
Markland, CA 95334",N,hours
748,Matthew Thompson,158-81-4904,"90051 Natalie Place
Lake Kristin, TX 08782",N,hours
749,Austin Bright,198-17-3684,"2594 Lynch Mountains Suite 988
Ericatown, MP 36451",N,miles
750,Susan Smith,521-74-3768,"198 Adrian Locks Suite 043
North Travismouth, AZ 26461",N,hours
751,Patrick Harrison,518-58-4327,"PSC 2780, Box 8676
APO AA 57342",N,miles
752,Kathy Harrell,306-31-7784,"88875 Christine Trail Suite 191
Lake Jeanport, NH 59846",Y,hours
753,Laura Norton,483-71-6838,"PSC 0389, Box 2668
APO AE 52284",Y,hours
754,Lisa Wise,014-14-8469,"652 Torres Rapids
West Larryhaven, AK 82816",Y,miles
755,Jeremy Cobb,218-23-2996,"58457 Carter Corners Apt. 722
Kimhaven, AZ 17013",Y,hours
756,Gary Garcia,383-64-3744,"PSC 4711, Box 2869
APO AE 64571",N,miles
757,Dr. Kimberly Sandoval,263-75-3254,"8926 West Village Suite 854
Thompsonmouth, GA 15012",N,hours
758,Lisa Obrien,251-43-0299,"78935 James Island
South Vincent, GU 49126",N,miles
759,Steven Lee,471-45-9515,"74555 Rivera Motorway
Cochranland, IN 44421",Y,hours
760,Patrick Long,606-82-0585,"5670 Rose Points
West Nicoleside, TX 91577",Y,miles
761,Jessica Taylor,122-60-1130,"12612 William Inlet Apt. 040
Geraldstad, NC 47941",Y,hours
762,Victoria Scott,520-39-8278,"51508 Fleming Field
New Paula, SC 89500",Y,miles
763,Suzanne Mcbride,332-82-9392,"250 Chad Roads
Michaelshire, AL 94153",N,hours
764,Rachel Reid,309-95-3993,"25143 Williams Island Apt. 912
North Eduardoton, NH 51907",N,hours
765,Matthew Romero,883-67-2395,"381 Sherri Divide Suite 280
West Janetbury, KY 56544",N,miles
766,Elizabeth Mclaughlin,280-02-8027,"13683 Wagner Viaduct
South Julieborough, PW 08854",Y,miles
767,David Jennings,388-03-2315,"45187 Patricia Tunnel
North Jenniferfort, AK 70705",N,hours
768,Christopher Cook,581-35-9935,"535 Simmons Lake
Ronaldfurt, IA 18082",N,miles
769,Christine Morgan,428-72-6012,"08875 Stanley Light
South Ashleymouth, HI 17264",N,miles
770,Tara Vaughn,585-08-6044,"37183 Martinez Valley Apt. 439
Joshuachester, ID 84481",N,miles
771,Curtis Morgan,566-60-4305,"60231 Janice Ports Suite 652
Riveraton, NH 74887",Y,hours
772,Karen Velazquez,243-73-9116,"059 Joshua Prairie Suite 251
Harrisview, MI 33238",N,hours
773,Keith Simpson,092-14-1645,"USCGC Johnson
FPO AE 09919",Y,miles
774,David Hernandez,145-96-6350,"5286 Torres Hollow Apt. 122
Cabrerabury, OK 95632",N,hours
775,Michelle Hanson,421-02-7856,"780 Zimmerman Unions
Thomasfort, LA 50187",Y,miles
776,Karen White,400-47-5491,"2445 Frederick Bridge
Mendezton, KY 52349",Y,hours
777,David Lin,260-49-2972,"9685 Johnathan Village Apt. 298
Melindaville, GA 62214",Y,miles
778,John Davis DVM,786-47-0065,"99158 Linda Plains Suite 955
Troyshire, LA 76516",Y,miles
779,Kimberly Davis,096-74-2179,"204 Lindsey Plains Suite 826
Shannonmouth, NE 01411",Y,miles
780,Sabrina White,177-87-8434,"114 Cassandra Islands
Jasminefort, DE 70979",Y,hours
781,Carolyn Glenn,307-06-7911,"2354 Danielle Branch Apt. 902
South Kenneth, DE 25345",N,miles
782,Alicia Everett,330-60-0901,"497 Rocha Valley Suite 615
Port Michael, NC 01787",Y,miles
783,Corey Elliott,674-79-9016,"Unit 9664 Box 1864
DPO AE 30972",N,hours
784,Nicole Nelson,673-49-4083,"0223 Melissa Wall Apt. 751
Armstrongborough, MP 42764",N,hours
785,Dave Williams,418-55-8753,"2473 Brenda Village Apt. 125
Ballburgh, MA 82598",N,hours
786,Kevin Morales,526-99-8204,"86652 Wilson Square
Port Rebeccastad, OK 40545",N,miles
787,Brittany Gomez,031-94-4754,"9252 Villanueva Ferry Apt. 289
Nancymouth, OH 62776",N,miles
788,Laurie King,749-80-7327,"266 Rodriguez Forges Suite 170
Melissafort, NY 21315",N,miles
789,Jeff Martin,671-55-2797,"105 Bob Parkway
West Jamesmouth, AS 19256",N,miles
790,Rachel Church,109-56-7674,"5391 Wendy Villages
Michaelland, NJ 05424",Y,miles
791,Michael Dodson,448-25-4502,"589 Jack Village Suite 829
West Alexandrafort, MS 14493",N,hours
792,Tiffany Murphy,773-91-2143,"061 Williams Loaf Suite 074
Castilloshire, ME 07660",Y,miles
793,Austin Aguirre,742-72-9630,"176 Rivas Lodge Suite 039
Reedland, AK 64911",Y,miles
794,Jennifer Smith,823-73-4550,"5351 Matthew Lane
Port Robin, TX 51750",Y,miles
795,Mark Anderson,335-58-2794,"8873 Lee Mall Apt. 588
Port Dianafort, AK 63671",N,hours
796,Crystal Callahan,839-20-1401,"7518 Mcfarland Rapids Suite 013
North Kristy, AL 12084",N,miles
797,Jon Robbins,178-98-2550,"1800 Wesley Radial Apt. 384
Kristenbury, WY 13924",N,hours
798,Brooke Krueger,614-04-4561,"5543 Dawn Courts Apt. 696
Amandamouth, ND 75254",N,hours
799,Kyle Brown,204-11-9785,"54975 French Knoll
Lake Franklinshire, NY 76684",N,hours
800,Kyle Hall,691-34-7804,"95291 Natalie Mews
Michelleview, MO 00591",Y,hours
801,Mrs. Erica Brooks,461-47-1761,"4859 Tracy Mission Suite 443
East Holly, MI 89032",N,hours
802,Ricky Norman,293-66-3010,"165 Lisa Ford Suite 932
Meredithview, OR 87226",N,hours
803,Shannon Thomas,720-56-4004,"57618 Mckenzie Island Suite 107
North Amandaburgh, WY 75780",Y,hours
804,Terry Moore,748-46-1568,"53639 Velez Harbor
West John, LA 96157",N,hours
805,Amber Everett,580-22-0346,"5913 Scott Skyway Apt. 782
Lake Davidton, CO 89286",N,hours
806,Caitlyn Gonzalez,642-67-1471,"159 Erin Island Apt. 387
Alyssafurt, CT 16972",Y,hours
807,Samantha Johnson,271-32-2697,"760 Rosales Plaza
Wardview, SD 29258",Y,miles
808,Jeffrey Myers,167-83-9717,"414 Katherine Walk
Port Jacqueline, VT 26560",N,hours
809,Heather Evans,547-46-6685,"28162 Johnson Pike Suite 842
Popemouth, TN 76356",Y,miles
810,Dana Brown,856-38-0223,"7885 Lambert Locks
Adamsmouth, OK 77732",Y,miles
811,Mark Sanchez,575-14-1215,"53164 Jennifer Curve
New Davidchester, ME 97182",Y,hours
812,Mary Watts,374-45-2104,"06191 Deleon Fork
South Patricia, MT 20854",Y,hours
813,Andrew Pace,189-89-8807,"242 Lisa Pine Suite 631
Lake Michaelhaven, NJ 67656",Y,miles
814,Lawrence Williams,353-90-6793,"1382 Lauren Run
Nelsonport, AR 68923",N,hours
815,Leslie Horton,889-43-8386,"5047 Samantha Crest
Port Louis, NY 23163",Y,hours
816,Justin Miranda,780-97-5598,"410 Tara Heights Apt. 599
Matthewton, MS 18207",N,miles
817,Austin Watson,797-83-5616,"0224 Bailey Hill
Kellyport, CO 59474",Y,hours
818,Lori Tran,611-38-0303,"7519 Davis Stream
Chapmantown, UT 86949",Y,hours
819,Marie Jones,421-32-1842,"019 Connie Mill
East Billy, KS 15824",N,miles
820,Donna Moore,424-41-5302,"005 Harris Unions
North Anneberg, IN 37812",N,miles
821,Patricia Jones,763-80-3853,"0552 Tyler Parkways Suite 411
West Jenniferstad, KY 52564",Y,miles
822,Dennis James,840-17-1856,"20791 Julie Orchard Suite 389
Duarteborough, PA 63713",N,miles
823,Kenneth Short,701-46-2200,"992 Amanda Knolls Suite 147
New Charles, AR 18757",N,hours
824,Alexander Solis,639-05-8195,"64952 Davis Ranch Suite 967
Justinstad, IA 00663",N,miles
825,Johnathan Diaz,303-09-0622,"USS Smith
FPO AP 20026",N,miles
826,Jeffrey Macias,651-40-9892,"USS Mueller
FPO AA 13513",N,miles
827,Anthony Ramirez,287-47-1992,"02626 Christina Run Apt. 062
Nelsonborough, NE 42602",Y,hours
828,Joshua Watson,658-02-5016,"52262 John Avenue
New Brenda, MH 66142",Y,miles
829,Kimberly Mccormick,152-09-1108,"7871 Stokes Fork
East Joshua, HI 87778",Y,miles
830,Brett Murray,498-34-9800,"03480 Brewer Spurs
Lake Andreaville, CT 33204",N,hours
831,Kevin Ramos,864-25-0477,"8837 Grant Squares Apt. 662
Port Jefferyton, MO 87068",N,miles
832,Jennifer Holt,703-19-5565,"6597 Janice Road Apt. 311
Johnborough, NH 63705",Y,hours
833,Michael Mosley,066-30-0014,"95757 Webb Harbors
East David, SD 23156",Y,hours
834,Kimberly Richardson,481-87-3068,"13155 Trevor Cliff Suite 508
Mcphersonstad, NJ 06802",N,hours
835,Jennifer Fletcher,135-48-9445,"1869 Juan Loop
Royhaven, NV 03603",N,miles
836,Brian Greene,699-81-7690,"Unit 7144 Box 9128
DPO AE 13254",Y,miles
837,Carlos Brown,250-62-6768,"110 Smith Dale
South Jamiehaven, TN 26199",N,hours
838,Nicole Weaver,286-79-1680,"7599 Brandon Crossing Apt. 568
Robinsonhaven, MI 98214",N,hours
839,Kara Thomas,783-84-1076,"379 Wheeler Flat Apt. 763
Washingtonville, NM 39072",Y,miles
840,Melissa Norman,401-89-0663,"PSC 7368, Box 7591
APO AP 44428",Y,miles
841,Jennifer Howell,799-94-5768,"8711 Young Tunnel Apt. 447
New Garyberg, DC 11507",N,miles
842,William Macias,255-66-1693,"53447 Kevin Burgs
Heathermouth, IN 45454",N,hours
843,Angelica Lynch,059-92-9331,"966 Bonilla Mountains Apt. 897
Patrickton, DC 42999",Y,hours
844,Christopher Miller,068-85-0847,"31088 Daniel River
West Katieview, MH 43498",Y,hours
845,Richard Castro,809-48-7111,"7491 Henry Underpass
Roseport, WY 26330",Y,hours
846,Frank English,039-38-9488,"6933 Sarah Stravenue
Petersborough, CO 76238",N,miles
847,Matthew Arnold,502-86-7661,"60227 Alexander Mill
Saraburgh, IA 03164",N,miles
848,Anthony Moreno,866-28-0217,"11117 Cynthia Forge
Melanieview, KS 25772",N,hours
849,Maureen Frazier DDS,502-97-1745,"1760 Jody Row Apt. 612
Melissabury, CA 71873",N,hours
850,Brian Campbell,759-14-8753,"0474 Campbell Walk
North Nicolebury, GU 97412",Y,hours
851,Amanda Thomas,308-04-5311,"113 Davis Brook
Christineland, HI 28266",Y,hours
852,Justin Hull,136-38-5061,"51004 Ryan Port Apt. 942
Lake Ashley, NH 90032",Y,hours
853,Krista Wilson,222-71-5523,"4200 Amy Street Apt. 128
Russomouth, MO 39589",Y,hours
854,Sean Grimes,110-43-5900,"3137 Sanchez Port Apt. 291
Lake Vernon, WY 19926",Y,hours
855,Steven Perez,425-91-3499,"22415 Smith Shore Apt. 315
Davisborough, MO 08816",Y,hours
856,Jeffrey Ellis,379-21-3782,"9560 Brent Park Suite 535
Lake Annehaven, TN 91299",N,miles
857,Raymond Thomas,451-05-4989,"7000 Ruiz Ford Apt. 883
Port Adam, VI 28155",Y,miles
858,Eric Jensen,701-72-1271,"61817 Perry Curve
South Margaretmouth, OR 87064",N,hours
859,Gregory Strong,233-27-4408,"Unit 0000 Box 3008
DPO AE 39149",Y,miles
860,Samantha Burgess,680-24-7405,"8710 Adam Loop
Alexismouth, PA 37113",N,hours
861,Victoria Garcia,820-50-5542,"248 Thomas Brook
Amyberg, AZ 54279",N,hours
862,Becky Fischer,762-84-1768,"4353 Leah Grove
Jacobsonmouth, CA 00913",N,miles
863,Sean Hays,542-04-4148,"1664 Miller Mountain Apt. 127
North Kimberlystad, AS 20339",Y,hours
864,Andrew Ayers,069-50-7024,"01900 Brittany Island Suite 118
East Russellfort, WA 03953",Y,hours
865,Anna Harris,275-43-1740,"8255 Derek Estate Suite 815
West Rachel, NY 95446",Y,hours
866,Joseph Mathis,078-77-1254,"3250 Craig Mountains
West Tylertown, SD 22022",N,hours
867,Annette Miranda,529-34-1788,"125 Bonnie Hill Apt. 272
Jeffreychester, SD 61062",Y,hours
868,Deanna Williams,380-53-0474,"442 Taylor Street Apt. 509
Lisatown, WI 35252",Y,miles
869,Michael Anderson,212-80-7301,"9796 Martinez Ramp Apt. 916
Mitchellfurt, MA 63896",Y,miles
870,Steven Bradford,598-25-4831,"583 Madeline Meadow Apt. 227
Davisville, AK 09732",N,hours
871,Angela Brennan,884-24-8704,"10516 Rachel Crossroad Suite 554
Rodriguezside, WV 47646",N,hours
872,Lisa Cruz,549-87-4141,"Unit 6831 Box 9131
DPO AP 37669",N,hours
873,Tiffany Howard,045-84-7074,"9073 Carlson Way
New Shelley, WV 42196",Y,hours
874,Daniel Chase,425-08-7455,"16355 Carrillo Skyway
Roberttown, WV 93329",Y,miles
875,Wendy Lee,356-63-4304,"944 Kimberly Valley Apt. 601
Amberburgh, GU 79077",Y,hours
876,Tara Robinson,412-50-7799,"325 Kelly Viaduct
Annaside, AZ 86881",N,hours
877,Alicia Johnson,124-32-3682,"411 Christine Circle Suite 966
Port Richardtown, MO 14489",N,miles
878,Nicholas Simmons,817-24-5022,"3840 Jessica Cliffs
Joshuastad, PW 70235",Y,miles
879,Alexis Potts,659-21-1349,"60586 Stephanie Islands
Lake Ashley, LA 12895",Y,hours
880,Rodney Long,190-44-4806,"8621 Aguirre Divide Apt. 328
Hayesland, GU 45583",N,miles
881,Steven Boyd,588-27-8530,"74824 Alexis Dale
Dylanhaven, MO 26556",N,hours
882,Dave Taylor,626-24-7487,"661 Brianna Lock Suite 026
West Kellyfurt, CA 83775",Y,miles
883,Miss Jill Moore,705-95-1815,"78966 Mary Stravenue Apt. 244
Jasonhaven, MT 39784",Y,hours
884,Travis Johnson,832-34-7900,"4031 Williams Key
East Alexanderfort, MP 39794",Y,miles
885,Tony Kane,145-83-8376,"1023 Glenn Trail
Robertsonshire, KY 78343",N,hours
886,Joshua White,530-92-2273,"394 Hart Squares
South Joshuaport, CA 55719",Y,miles
887,Kyle Quinn,355-63-1552,"8202 Dylan Rapids Suite 239
East Nancyborough, UT 41780",Y,hours
888,Jacob Martin,119-07-1538,"30426 Delgado Mountain
West Natalie, TN 44167",N,hours
889,Nicole Rodriguez,016-83-4591,"07874 Ian Radial Apt. 808
South Jenniferland, MH 32131",Y,hours
890,Sharon Lopez,727-11-3312,"0132 Laura Isle Apt. 255
East Nicholas, MT 54893",N,miles
891,Shawn Lowe,685-86-0285,"9442 Flores Ports Apt. 172
Port Jodi, GU 59883",Y,miles
892,Cristina Stewart,056-52-1950,"4501 Beasley Island
East Brookestad, AR 87799",Y,miles
893,Christine Patterson,119-94-8999,"4867 Dustin Islands
New James, LA 28665",N,miles
894,Evan Jones,166-48-1560,"84353 Rachel Crossing
West Alexanderburgh, RI 05042",Y,hours
895,Carlos Nelson,725-08-6087,"USNV Schmidt
FPO AA 12030",N,miles
896,Rebecca Horne,748-09-8163,"168 Gomez Creek
East Ericland, WI 43543",Y,miles
897,Christina Edwards,896-03-7501,"37791 Garcia Ports
North Elizabethport, FM 37448",Y,hours
898,Alfred Richardson,391-10-0096,"27380 Erin Wall
Holmesmouth, MN 39776",N,hours
899,Michelle Werner,714-36-2033,"7425 Deborah Course Apt. 042
East Regina, ID 32040",N,miles
900,Zachary Colon,369-88-8595,"61128 Mendez Overpass Suite 346
West Adrienne, DC 17142",N,miles
901,Dalton Kirby,816-21-0607,"613 Cabrera Estates
Coleland, MS 73818",N,hours
902,Pamela Randolph,799-48-0288,"9672 Butler Square
West Jennifer, PR 53225",Y,hours
903,Joseph Garcia,068-45-0833,"696 Turner Radial
Heatherberg, NE 75229",N,hours
904,Veronica Deleon,794-91-5270,"9195 Paula Springs Apt. 066
Hernandezmouth, LA 38397",Y,hours
905,Ronald Oconnell,199-21-5711,"1525 Taylor Wells Apt. 210
Hannahborough, IA 72555",N,hours
906,Troy Porter,897-10-6761,"187 Quinn Ville Suite 560
South John, CA 13123",Y,miles
907,Carla Ortiz,074-45-7103,"0231 Christopher Crescent Apt. 341
Dennisland, MO 64018",N,miles
908,Justin Patel,284-95-3191,"38219 Cook Rue Apt. 722
Goodwinstad, WI 30374",N,miles
909,Amanda Smith,288-05-4918,"35162 Waters Ridge Apt. 986
Burkestad, NY 12054",N,miles
910,David Wilson,580-85-9049,"1046 Gregory Road Suite 778
Zacharyport, CA 44204",N,hours
911,Betty Hernandez,173-61-1850,"USNV Montoya
FPO AE 74929",N,miles
912,Linda Gibbs,756-42-1976,"0024 Luna Trail Apt. 806
Lake Cesar, RI 02366",Y,hours
913,Maria Ewing,612-81-4855,"3548 Gina Isle
Harrisontown, MI 01471",N,miles
914,Kathleen Preston,803-73-6299,"909 Richardson Harbors
Gregorymouth, AR 30047",N,miles
915,Madison Mitchell,630-93-6859,"1827 Weaver Common
Wolfefort, NE 89697",Y,hours
916,Jeffery Phillips,481-44-9512,"059 Thomas Light Apt. 360
Petersburgh, MS 66371",N,hours
917,Maria Olson,359-54-9629,"90829 Hogan Knoll Suite 769
Lake Kimberlyside, OH 93064",Y,hours
918,Chelsea Williamson,021-93-2322,"95862 Henry Corner
Youngville, AK 94734",Y,miles
919,Alisha Horton,058-76-2038,"91235 Burns Springs
Garciaborough, LA 53428",Y,miles
920,David Cobb,471-58-5508,"4709 Taylor Station
Mccallhaven, MN 60377",N,miles
921,Erica Clark,700-06-3668,"9989 Brown Springs
Morganview, AL 80146",Y,hours
922,Kyle Bentley,285-26-9306,"562 Robert Point Apt. 430
New Kayla, MO 44335",Y,miles
923,Erin Williams,571-34-9039,"PSC 6141, Box 0996
APO AP 94036",Y,hours
924,Tracy Steele,241-55-0777,"17779 Davis Estates Suite 433
New Ashley, ID 67183",Y,hours
925,Angela Wang,143-25-9786,"70972 Scott Port
West Marie, GA 14483",N,miles
926,Pamela Davis,679-03-5407,"71232 Jacob Drive
Lake Marisa, WA 95845",Y,hours
927,Cassandra Bradley,765-68-7132,"1657 Anthony Trail Suite 287
Sarahfurt, MS 07028",Y,hours
928,John Anderson,495-25-1579,"712 Dawn Fall Apt. 838
Port Angelaland, WY 05154",Y,hours
929,Mrs. Isabella Mendoza,667-10-1762,"6269 Hernandez Camp
Deannashire, WY 83885",Y,miles
930,Stephen Beard,858-02-7690,"094 Mallory Radial Suite 775
Riveramouth, PA 04167",Y,hours
931,Ethan Lewis,040-31-2815,"079 Wilkinson Island Suite 532
Joneschester, ME 94323",Y,miles
932,Matthew Stone,151-72-5073,"6618 Morris Orchard
Hansenhaven, MP 77360",Y,miles
933,Bruce Rhodes,630-30-7523,"26573 Todd Groves Apt. 654
Rachaelview, MT 48865",Y,hours
934,Michelle Beck,750-34-6678,"873 Davis Run
Nathanborough, ND 09616",Y,miles
935,Ashley Chan,370-89-7859,"44253 Joseph Wells Suite 223
East Georgeton, FM 94783",N,miles
936,Bonnie Daniel,211-01-3037,"41918 Horton Circles
Teresaville, ME 63188",N,hours
937,Matthew Velez,489-01-9243,"USNV Parrish
FPO AA 87589",Y,hours
938,Stephanie Harris,852-14-2391,"62531 Emily Knolls
West Courtney, OK 44982",N,hours
939,Patrick Sanchez,697-56-7280,"937 Caroline Court Apt. 320
Port Ashley, MI 45303",N,miles
940,Grace Smith,738-50-2510,"79731 Kyle Track Apt. 539
Reginaldmouth, ID 83586",Y,hours
941,Jacob Thomas,596-62-2345,"3242 Tanner Burg
Lake Alectown, OH 58805",N,hours
942,Mr. Albert Long,157-33-1669,"45130 Ronald Parkway
Flemingside, MH 18407",Y,hours
943,Laura Gutierrez,124-92-1278,"13520 Joshua Burg Apt. 914
New Rachel, DC 96603",Y,miles
944,Ryan Robinson,630-68-9828,"5107 Maria Shoals Apt. 929
Norrisfort, MH 37664",Y,hours
945,Ryan Nguyen,660-93-2288,"4302 Simon Falls Suite 960
East Reginamouth, VA 79987",N,hours
946,Derrick Hall DDS,669-97-9775,"5337 Cole Row
Port Larryland, OR 21418",N,hours
947,Benjamin Galvan,637-79-7642,"450 Thomas Bypass
Colemouth, MO 93375",Y,miles
948,Christopher Brown,807-65-6239,"951 Matthew Square
Hicksbury, PR 81505",Y,miles
949,Keith Davis,139-79-0055,"8362 Amy Ports Apt. 900
Paulland, ND 46423",Y,miles
950,Jill Wilson,721-58-5810,"9826 Nancy Pass Apt. 207
Samuelton, TN 38892",N,miles
951,Kimberly Stewart,668-71-3230,"Unit 1683 Box 8390
DPO AP 98716",N,hours
952,Ryan Meza,794-78-7393,"USNS Becker
FPO AE 13422",Y,hours
953,Donald Vasquez,073-79-0995,"891 Alvarado Grove Suite 228
Lisaland, MT 38850",Y,miles
954,Heather Howard,873-92-8938,"855 Melissa Union Apt. 575
Amymouth, FL 15512",N,hours
955,Alejandra Davis,069-42-3042,"0792 Huang Manors
Matthewshaven, GA 92837",Y,hours
956,Matthew Williams,862-94-7314,"PSC 6453, Box 7057
APO AE 85518",Y,miles
957,Mackenzie Henry,466-19-1550,"7999 Daniels Squares
Nicholasborough, PR 26614",N,miles
958,Jeremy Harris,301-19-7266,"400 Smith Springs
Taylorfort, MD 84109",N,hours
959,Justin Townsend,897-16-7220,"5470 Joshua Unions
Lake Lisa, VA 04381",Y,miles
960,Timothy Garza,674-28-2503,"374 Colon Ranch Suite 856
Pittmanborough, AZ 90081",Y,hours
961,James Holt,691-54-8733,"5909 Douglas Unions
Lopezton, MN 55272",N,hours
962,Brett Lopez,480-89-4346,"586 Alexa Wells Apt. 643
Port Stevenside, VI 54990",N,hours
963,Bryan Hernandez,295-10-7731,"74537 Ashley Knolls
North Amber, IN 90104",Y,hours
964,William Brown,127-10-4641,"64741 Williams Shore
East Edward, ND 76492",N,hours
965,Kenneth Cabrera,843-66-6133,"76138 Theresa Radial Apt. 257
Guerrerotown, VA 82245",N,hours
966,Eric Hampton,225-75-4640,"PSC 6923, Box 0980
APO AE 10401",Y,miles
967,Sarah Clements,232-87-7421,"1846 King Lodge Suite 839
East Luisberg, ID 71597",Y,miles
968,Laura Allen,603-94-3000,"88297 Kathleen Lodge Apt. 537
Port Kim, NM 09207",N,hours
969,Kenneth Walters,688-99-2702,"98507 Rich Lock Apt. 257
Lake Jasonburgh, OR 77835",Y,miles
970,Maxwell Lee DVM,090-18-9838,"763 Dyer Estates Apt. 285
Port Judith, ND 54197",Y,miles
971,Patricia Moore,468-14-0743,"1032 Holt Knolls
New Sarahshire, TX 67899",N,miles
972,Jose Moss,229-39-3891,"216 Flores Orchard
West Scottchester, PR 14940",Y,miles
973,Misty Lee,040-63-3599,"6986 Diaz Plaza
North Zachary, MP 07728",Y,miles
974,Crystal Gallegos,517-80-8370,"PSC 8019, Box 4218
APO AP 49620",Y,miles
975,Roberto Simmons,598-91-7602,"88400 Carolyn Ports
North Leslieton, IL 17546",N,miles
976,Andrew Bradshaw,072-63-0343,"112 Johnny Motorway
Zacharyland, MD 11254",N,miles
977,Aaron Gonzalez,611-84-1897,"9226 Christopher Route
Ramirezville, CO 47559",Y,miles
978,Joseph Smith,350-82-0046,"670 Sheri Lodge Suite 844
Port Brittany, MP 99009",N,hours
979,Cynthia Smith,192-19-6696,"41541 Johnson Fork
Gonzalezland, NV 93536",Y,hours
980,Shawn Brown,519-63-0396,"408 Jasmine Spur
Ericton, WY 97320",N,miles
981,Melinda Matthews,870-56-7445,"32920 Jennifer Hollow Suite 563
Kathrynshire, MI 78516",Y,hours
982,Aaron Dyer,793-49-0688,"81127 James Motorway
Mayville, VI 17831",N,miles
983,Shawn Shelton,870-18-9518,"254 Lauren Manors Apt. 805
West Raymond, OR 05959",Y,miles
984,Lauren Nelson,193-27-8343,"Unit 6001 Box 8871
DPO AE 61871",Y,hours
985,Edwin Jackson,153-17-1265,"45254 Dudley Shores Apt. 196
Bradleyfort, FM 24610",N,miles
986,Laura Gray,319-74-5569,"2574 Melissa Pike
Brandychester, PA 51769",N,miles
987,Jasmine West,687-40-0849,"859 Howard Knolls
Port Lynnmouth, AZ 80884",Y,miles
988,Jeff Suarez,474-05-5613,"6900 Romero Radial Apt. 522
Jessicafort, FL 29324",Y,hours
989,Tyler Underwood,775-03-9059,"6343 Mitchell Mountain Apt. 910
Port Susanton, VT 56052",Y,hours
990,Sarah White,713-17-4126,"004 Hood Squares
Lake Jennifer, PA 22285",N,miles
991,Michael Marquez,442-43-6866,"93322 Jonathan Plains
North Stacy, FM 54854",N,miles
992,Derek King,856-31-8442,"9485 Jerome Village
Meredithport, VT 16177",N,miles
993,Jeremiah Mcdonald,029-41-8964,"17207 Bird Pass
South Annettestad, IA 20615",Y,miles
994,Nathan Long,426-35-1979,"778 Bates Spurs
Christinaberg, TN 38819",Y,miles
995,Amanda Craig,361-37-7760,"75189 Shaffer Summit Suite 528
Banksside, MD 35899",Y,miles
996,Patricia Jenkins,179-70-0035,"1538 Mike Inlet Apt. 376
South Charleshaven, ND 98599",N,hours
997,Jessica Holt,225-97-5479,"55089 Hale Dale Apt. 256
South Christopher, NM 09265",N,hours
998,Shawna Reed,216-25-6086,"61897 Clark Vista
Michaeltown, GA 53947",N,hours
999,Taylor Moore,386-06-1354,"7959 Leon Spurs
Lake Tammystad, IA 32247",Y,hours
1000,Sara Jacobs,450-30-5123,"825 Martinez Well
Lisabury, TX 36122",Y,miles
1001,Michelle Rodriguez,135-51-7181,"56460 Ashley Islands
South Jose, FM 39548",N,miles
1002,Christine Hurst,398-52-1522,"928 Young Drive Suite 981
Fordbury, KY 17979",N,hours
1003,Linda Moody,406-93-3371,"23221 Williams Forks Apt. 548
Erinmouth, MH 75472",N,miles
1004,James Barnes,840-47-2136,"PSC 6131, Box 2735
APO AA 60149",Y,hours
1005,Martha Jones,522-54-5889,"53310 Ann Shore Suite 073
New Sharonbury, WA 72828",N,miles
1006,Autumn Johnson,129-23-5408,"PSC 0080, Box 3168
APO AA 94291",N,hours
1007,Julie Miller,334-98-6375,"Unit 7006 Box 9342
DPO AA 52677",Y,hours
1008,Brenda Becker,311-94-0285,"31734 Loretta Squares
East Erin, MP 93159",Y,miles
1009,Guy Bender,593-20-6802,"9479 Golden Port
Claudiatown, OK 69624",N,hours
